product_id,name,description,size,color,brand_id,category_id,standardPrice,price,createdDate,updatedDate,insertDate,updateDate,sourceSystem,isProcessed,batchId
1,Product 1,,,,1,4,1672.34,2570.63,2024-10-03,,2024-10-04,2024-10-04,MySQL,0,
2,Product 2,,,,1,9,4707.11,5759.67,2024-10-03,,2024-10-04,2024-10-04,MySQL,0,
3,Product 3,,,,9,1,7079.14,9188.22,2024-10-03,,2024-10-04,2024-10-04,MySQL,0,
4,Product 4,,,,1,3,2812.91,3671.79,2024-10-03,,2024-10-04,2024-10-04,MySQL,0,
5,Product 5,,,,7,9,5357.53,8687.51,2024-10-03,,2024-10-04,2024-10-04,MySQL,0,
6,Product 6,,,,6,4,4771.59,5868.78,2024-10-03,,2024-10-04,2024-10-04,MySQL,0,
7,Product 7,,,,10,1,2673.11,4426.41,2024-10-03,,2024-10-04,2024-10-04,MySQL,0,
8,Product 8,,,,3,3,1684.80,1900.39,2024-10-03,,2024-10-04,2024-10-04,MySQL,0,
9,Product 9,,,,2,4,4358.27,6039.50,2024-10-03,,2024-10-04,2024-10-04,MySQL,0,
10,Product 10,,,,8,2,1319.24,1556.53,2024-10-03,,2024-10-04,2024-10-04,MySQL,0,
11,Product 11,,,,7,6,7803.60,9109.93,2024-10-03,,2024-10-04,2024-10-04,MySQL,0,
12,Product 12,,,,3,5,1602.76,2563.16,2024-10-03,,2024-10-04,2024-10-04,MySQL,0,
13,Product 13,,,,2,3,2432.85,3133.92,2024-10-03,,2024-10-04,2024-10-04,MySQL,0,
14,Product 14,,,,1,5,1741.97,2244.64,2024-10-03,,2024-10-04,2024-10-04,MySQL,0,
15,Product 15,,,,8,10,1853.34,2751.46,2024-10-03,,2024-10-04,2024-10-04,MySQL,0,
16,Product 16,,,,10,4,4649.68,7401.05,2024-10-03,,2024-10-04,2024-10-04,MySQL,0,
17,Product 17,,,,3,1,3812.78,5280.97,2024-10-03,,2024-10-04,2024-10-04,MySQL,0,
18,Product 18,,,,2,1,4900.38,8021.35,2024-10-03,,2024-10-04,2024-10-04,MySQL,0,
19,Product 19,,,,8,5,3350.00,4368.76,2024-10-03,,2024-10-04,2024-10-04,MySQL,0,
20,Product 20,,,,3,8,4789.07,5609.78,2024-10-03,,2024-10-04,2024-10-04,MySQL,0,
21,Product 21,,,,4,3,2461.02,3679.14,2024-10-03,,2024-10-04,2024-10-04,MySQL,0,
22,Product 22,,,,1,9,5286.51,6599.90,2024-10-03,,2024-10-04,2024-10-04,MySQL,0,
23,Product 23,,,,4,1,6278.65,9949.27,2024-10-03,,2024-10-04,2024-10-04,MySQL,0,
24,Product 24,,,,6,9,3508.89,5175.36,2024-10-03,,2024-10-04,2024-10-04,MySQL,0,
25,Product 25,,,,7,2,6156.66,8020.36,2024-10-03,,2024-10-04,2024-10-04,MySQL,0,
26,Product 26,,,,4,4,2316.97,3322.90,2024-10-03,,2024-10-04,2024-10-04,MySQL,0,
27,Product 27,,,,4,6,5997.87,9840.50,2024-10-03,,2024-10-04,2024-10-04,MySQL,0,
28,Product 28,,,,3,9,6812.83,8997.73,2024-10-03,,2024-10-04,2024-10-04,MySQL,0,
29,Product 29,,,,2,6,3545.82,5738.16,2024-10-03,,2024-10-04,2024-10-04,MySQL,0,
30,Product 30,,,,4,3,3096.62,3454.86,2024-10-03,,2024-10-04,2024-10-04,MySQL,0,
31,Product 31,,,,3,10,421.73,661.33,2024-10-03,,2024-10-04,2024-10-04,MySQL,0,
32,Product 32,,,,10,2,6052.20,9511.72,2024-10-03,,2024-10-04,2024-10-04,MySQL,0,
33,Product 33,,,,7,10,5882.94,7454.70,2024-10-03,,2024-10-04,2024-10-04,MySQL,0,
34,Product 34,,,,7,2,3866.09,4992.25,2024-10-03,,2024-10-04,2024-10-04,MySQL,0,
35,Product 35,,,,7,6,5205.10,7138.27,2024-10-03,,2024-10-04,2024-10-04,MySQL,0,
36,Product 36,,,,1,9,1103.34,1329.66,2024-10-03,,2024-10-04,2024-10-04,MySQL,0,
37,Product 37,,,,5,9,1699.90,2039.09,2024-10-03,,2024-10-04,2024-10-04,MySQL,0,
38,Product 38,,,,2,7,6113.33,9888.73,2024-10-03,,2024-10-04,2024-10-04,MySQL,0,
39,Product 39,,,,4,10,4283.68,6754.51,2024-10-03,,2024-10-04,2024-10-04,MySQL,0,
40,Product 40,,,,4,10,4884.07,5939.45,2024-10-03,,2024-10-04,2024-10-04,MySQL,0,
41,Product 41,,,,7,6,4587.82,6008.98,2024-10-03,,2024-10-04,2024-10-04,MySQL,0,
42,Product 42,,,,3,10,1217.07,1543.92,2024-10-03,,2024-10-04,2024-10-04,MySQL,0,
43,Product 43,,,,8,4,3839.38,4334.74,2024-10-03,,2024-10-04,2024-10-04,MySQL,0,
44,Product 44,,,,5,3,2167.85,2846.31,2024-10-03,,2024-10-04,2024-10-04,MySQL,0,
45,Product 45,,,,10,9,5380.38,7953.33,2024-10-03,,2024-10-04,2024-10-04,MySQL,0,
46,Product 46,,,,5,5,4522.47,6613.14,2024-10-03,,2024-10-04,2024-10-04,MySQL,0,
47,Product 47,,,,2,8,59.95,75.47,2024-10-03,,2024-10-04,2024-10-04,MySQL,0,
48,Product 48,,,,4,4,3182.83,4979.47,2024-10-03,,2024-10-04,2024-10-04,MySQL,0,
49,Product 49,,,,1,5,4409.79,4927.61,2024-10-03,,2024-10-04,2024-10-04,MySQL,0,
50,Product 50,,,,5,3,3479.47,4757.44,2024-10-03,,2024-10-04,2024-10-04,MySQL,0,
51,Product 51,,,,8,5,1462.84,1787.76,2024-10-03,,2024-10-04,2024-10-04,MySQL,0,
52,Product 52,,,,5,9,5998.47,9751.06,2024-10-03,,2024-10-04,2024-10-04,MySQL,0,
53,Product 53,,,,6,9,4844.27,6574.12,2024-10-03,,2024-10-04,2024-10-04,MySQL,0,
54,Product 54,,,,2,1,1153.82,1550.39,2024-10-03,,2024-10-04,2024-10-04,MySQL,0,
55,Product 55,,,,6,6,1144.24,1341.61,2024-10-03,,2024-10-04,2024-10-04,MySQL,0,
56,Product 56,,,,10,7,6449.66,7367.37,2024-10-03,,2024-10-04,2024-10-04,MySQL,0,
57,Product 57,,,,2,9,5024.48,6789.91,2024-10-03,,2024-10-04,2024-10-04,MySQL,0,
58,Product 58,,,,2,6,1259.90,1656.04,2024-10-03,,2024-10-04,2024-10-04,MySQL,0,
59,Product 59,,,,3,5,5951.19,7928.10,2024-10-03,,2024-10-04,2024-10-04,MySQL,0,
60,Product 60,,,,10,1,4707.15,5827.81,2024-10-03,,2024-10-04,2024-10-04,MySQL,0,
61,Product 61,,,,4,4,4475.60,6802.26,2024-10-03,,2024-10-04,2024-10-04,MySQL,0,
62,Product 62,,,,2,9,2235.47,3393.96,2024-10-03,,2024-10-04,2024-10-04,MySQL,0,
63,Product 63,,,,3,8,4720.81,7468.58,2024-10-03,,2024-10-04,2024-10-04,MySQL,0,
64,Product 64,,,,10,4,1105.66,1414.85,2024-10-03,,2024-10-04,2024-10-04,MySQL,0,
65,Product 65,,,,5,5,4986.28,7820.89,2024-10-03,,2024-10-04,2024-10-04,MySQL,0,
66,Product 66,,,,2,5,1933.98,2180.49,2024-10-03,,2024-10-04,2024-10-04,MySQL,0,
67,Product 67,,,,1,8,1614.70,2198.45,2024-10-03,,2024-10-04,2024-10-04,MySQL,0,
68,Product 68,,,,5,6,769.06,1252.11,2024-10-03,,2024-10-04,2024-10-04,MySQL,0,
69,Product 69,,,,2,6,3617.86,5578.93,2024-10-03,,2024-10-04,2024-10-04,MySQL,0,
70,Product 70,,,,10,9,1452.76,1785.21,2024-10-03,,2024-10-04,2024-10-04,MySQL,0,
71,Product 71,,,,2,7,2230.36,3403.30,2024-10-03,,2024-10-04,2024-10-04,MySQL,0,
72,Product 72,,,,3,2,4847.64,6323.66,2024-10-03,,2024-10-04,2024-10-04,MySQL,0,
73,Product 73,,,,3,9,540.39,669.96,2024-10-03,,2024-10-04,2024-10-04,MySQL,0,
74,Product 74,,,,7,8,6399.17,7180.67,2024-10-03,,2024-10-04,2024-10-04,MySQL,0,
75,Product 75,,,,6,8,3329.51,4575.40,2024-10-03,,2024-10-04,2024-10-04,MySQL,0,
76,Product 76,,,,10,6,2358.15,3436.81,2024-10-03,,2024-10-04,2024-10-04,MySQL,0,
77,Product 77,,,,10,4,989.25,1336.89,2024-10-03,,2024-10-04,2024-10-04,MySQL,0,
78,Product 78,,,,10,6,7207.26,9780.99,2024-10-03,,2024-10-04,2024-10-04,MySQL,0,
79,Product 79,,,,9,2,5464.39,8505.53,2024-10-03,,2024-10-04,2024-10-04,MySQL,0,
80,Product 80,,,,1,9,3455.99,5634.84,2024-10-03,,2024-10-04,2024-10-04,MySQL,0,
81,Product 81,,,,3,10,2620.09,3318.31,2024-10-03,,2024-10-04,2024-10-04,MySQL,0,
82,Product 82,,,,4,2,1338.13,1526.14,2024-10-03,,2024-10-04,2024-10-04,MySQL,0,
83,Product 83,,,,2,3,7228.56,8045.57,2024-10-03,,2024-10-04,2024-10-04,MySQL,0,
84,Product 84,,,,9,9,4589.58,6744.02,2024-10-03,,2024-10-04,2024-10-04,MySQL,0,
85,Product 85,,,,3,5,5089.05,6985.05,2024-10-03,,2024-10-04,2024-10-04,MySQL,0,
86,Product 86,,,,10,5,2235.31,2531.96,2024-10-03,,2024-10-04,2024-10-04,MySQL,0,
87,Product 87,,,,8,6,7918.75,9463.55,2024-10-03,,2024-10-04,2024-10-04,MySQL,0,
88,Product 88,,,,4,4,2849.71,3252.72,2024-10-03,,2024-10-04,2024-10-04,MySQL,0,
89,Product 89,,,,3,4,7180.52,8186.03,2024-10-03,,2024-10-04,2024-10-04,MySQL,0,
90,Product 90,,,,10,5,4450.19,5894.92,2024-10-03,,2024-10-04,2024-10-04,MySQL,0,
91,Product 91,,,,5,1,136.29,170.28,2024-10-03,,2024-10-04,2024-10-04,MySQL,0,
92,Product 92,,,,5,2,4386.50,5578.58,2024-10-03,,2024-10-04,2024-10-04,MySQL,0,
93,Product 93,,,,8,1,6198.95,7811.85,2024-10-03,,2024-10-04,2024-10-04,MySQL,0,
94,Product 94,,,,9,4,6951.26,8741.57,2024-10-03,,2024-10-04,2024-10-04,MySQL,0,
95,Product 95,,,,4,3,4313.82,7106.49,2024-10-03,,2024-10-04,2024-10-04,MySQL,0,
96,Product 96,,,,4,3,1491.06,2273.84,2024-10-03,,2024-10-04,2024-10-04,MySQL,0,
97,Product 97,,,,10,1,2423.47,2870.10,2024-10-03,,2024-10-04,2024-10-04,MySQL,0,
98,Product 98,,,,10,2,6393.18,8249.68,2024-10-03,,2024-10-04,2024-10-04,MySQL,0,
99,Product 99,,,,8,1,6353.80,9479.05,2024-10-03,,2024-10-04,2024-10-04,MySQL,0,
100,Product 100,,,,8,8,7376.04,9321.65,2024-10-03,,2024-10-04,2024-10-04,MySQL,0,
101,Product 101,,,,2,7,3631.85,5580.95,2024-10-03,,2024-10-04,2024-10-04,MySQL,0,
102,Product 102,,,,1,8,6953.52,9211.90,2024-10-03,,2024-10-04,2024-10-04,MySQL,0,
103,Product 103,,,,10,6,5510.10,8755.93,2024-10-03,,2024-10-04,2024-10-04,MySQL,0,
104,Product 104,,,,2,8,224.63,324.64,2024-10-03,,2024-10-04,2024-10-04,MySQL,0,
105,Product 105,,,,3,4,35.48,40.91,2024-10-03,,2024-10-04,2024-10-04,MySQL,0,
106,Product 106,,,,8,6,1963.98,3239.62,2024-10-03,,2024-10-04,2024-10-04,MySQL,0,
107,Product 107,,,,1,3,5304.47,6527.22,2024-10-03,,2024-10-04,2024-10-04,MySQL,0,
108,Product 108,,,,4,10,7850.15,9602.09,2024-10-03,,2024-10-04,2024-10-04,MySQL,0,
109,Product 109,,,,7,9,2272.29,2755.26,2024-10-03,,2024-10-04,2024-10-04,MySQL,0,
110,Product 110,,,,3,1,3934.78,5024.82,2024-10-03,,2024-10-04,2024-10-04,MySQL,0,
111,Product 111,,,,5,1,7243.12,9999.34,2024-10-03,,2024-10-04,2024-10-04,MySQL,0,
112,Product 112,,,,1,2,2304.64,3581.59,2024-10-03,,2024-10-04,2024-10-04,MySQL,0,
113,Product 113,,,,7,5,4968.47,6677.21,2024-10-03,,2024-10-04,2024-10-04,MySQL,0,
114,Product 114,,,,8,8,74.94,101.97,2024-10-03,,2024-10-04,2024-10-04,MySQL,0,
115,Product 115,,,,10,2,3290.68,5429.53,2024-10-03,,2024-10-04,2024-10-04,MySQL,0,
116,Product 116,,,,9,4,3196.17,5267.49,2024-10-03,,2024-10-04,2024-10-04,MySQL,0,
117,Product 117,,,,7,2,747.40,1140.40,2024-10-03,,2024-10-04,2024-10-04,MySQL,0,
118,Product 118,,,,5,7,4499.28,5372.14,2024-10-03,,2024-10-04,2024-10-04,MySQL,0,
119,Product 119,,,,10,4,138.45,169.84,2024-10-03,,2024-10-04,2024-10-04,MySQL,0,
120,Product 120,,,,3,6,1506.17,2129.53,2024-10-03,,2024-10-04,2024-10-04,MySQL,0,
121,Product 121,,,,5,1,3777.84,5182.07,2024-10-03,,2024-10-04,2024-10-04,MySQL,0,
122,Product 122,,,,10,4,6274.84,7627.72,2024-10-03,,2024-10-04,2024-10-04,MySQL,0,
123,Product 123,,,,7,5,484.49,802.37,2024-10-03,,2024-10-04,2024-10-04,MySQL,0,
124,Product 124,,,,2,1,7092.66,8119.34,2024-10-03,,2024-10-04,2024-10-04,MySQL,0,
125,Product 125,,,,3,4,1877.34,2294.90,2024-10-03,,2024-10-04,2024-10-04,MySQL,0,
126,Product 126,,,,4,4,1868.14,2565.97,2024-10-03,,2024-10-04,2024-10-04,MySQL,0,
127,Product 127,,,,5,10,5485.91,8537.09,2024-10-03,,2024-10-04,2024-10-04,MySQL,0,
128,Product 128,,,,1,3,5037.35,6316.35,2024-10-03,,2024-10-04,2024-10-04,MySQL,0,
129,Product 129,,,,2,6,3186.13,4086.51,2024-10-03,,2024-10-04,2024-10-04,MySQL,0,
130,Product 130,,,,2,2,4478.80,6231.78,2024-10-03,,2024-10-04,2024-10-04,MySQL,0,
131,Product 131,,,,6,8,47.57,64.69,2024-10-03,,2024-10-04,2024-10-04,MySQL,0,
132,Product 132,,,,6,5,3258.01,3627.23,2024-10-03,,2024-10-04,2024-10-04,MySQL,0,
133,Product 133,,,,5,9,4321.69,5594.06,2024-10-03,,2024-10-04,2024-10-04,MySQL,0,
134,Product 134,,,,8,3,2042.27,3057.75,2024-10-03,,2024-10-04,2024-10-04,MySQL,0,
135,Product 135,,,,5,2,1084.82,1548.07,2024-10-03,,2024-10-04,2024-10-04,MySQL,0,
136,Product 136,,,,7,1,4522.00,7526.53,2024-10-03,,2024-10-04,2024-10-04,MySQL,0,
137,Product 137,,,,8,2,8419.72,9840.18,2024-10-03,,2024-10-04,2024-10-04,MySQL,0,
138,Product 138,,,,3,3,3942.05,6561.22,2024-10-03,,2024-10-04,2024-10-04,MySQL,0,
139,Product 139,,,,1,10,1184.37,1461.01,2024-10-03,,2024-10-04,2024-10-04,MySQL,0,
140,Product 140,,,,1,5,6137.20,7059.99,2024-10-03,,2024-10-04,2024-10-04,MySQL,0,
141,Product 141,,,,4,6,5581.95,7902.37,2024-10-03,,2024-10-04,2024-10-04,MySQL,0,
142,Product 142,,,,7,6,220.00,281.26,2024-10-03,,2024-10-04,2024-10-04,MySQL,0,
143,Product 143,,,,7,10,4869.86,8077.57,2024-10-03,,2024-10-04,2024-10-04,MySQL,0,
144,Product 144,,,,5,2,4594.06,6111.12,2024-10-03,,2024-10-04,2024-10-04,MySQL,0,
145,Product 145,,,,6,1,2431.14,3688.85,2024-10-03,,2024-10-04,2024-10-04,MySQL,0,
146,Product 146,,,,10,5,6177.00,7944.04,2024-10-03,,2024-10-04,2024-10-04,MySQL,0,
147,Product 147,,,,7,1,4918.04,5784.07,2024-10-03,,2024-10-04,2024-10-04,MySQL,0,
148,Product 148,,,,10,8,6499.12,8774.14,2024-10-03,,2024-10-04,2024-10-04,MySQL,0,
149,Product 149,,,,5,10,3445.12,5096.00,2024-10-03,,2024-10-04,2024-10-04,MySQL,0,
150,Product 150,,,,9,2,3084.80,5130.87,2024-10-03,,2024-10-04,2024-10-04,MySQL,0,
151,Product 151,,,,7,1,734.23,1083.31,2024-10-03,,2024-10-04,2024-10-04,MySQL,0,
152,Product 152,,,,7,10,6727.60,8492.16,2024-10-03,,2024-10-04,2024-10-04,MySQL,0,
153,Product 153,,,,6,5,6267.12,9663.44,2024-10-03,,2024-10-04,2024-10-04,MySQL,0,
154,Product 154,,,,2,4,1683.08,2318.09,2024-10-03,,2024-10-04,2024-10-04,MySQL,0,
155,Product 155,,,,4,10,205.40,266.32,2024-10-03,,2024-10-04,2024-10-04,MySQL,0,
156,Product 156,,,,4,5,6152.07,7757.29,2024-10-03,,2024-10-04,2024-10-04,MySQL,0,
157,Product 157,,,,6,1,545.63,814.12,2024-10-03,,2024-10-04,2024-10-04,MySQL,0,
158,Product 158,,,,10,8,5979.94,8514.37,2024-10-03,,2024-10-04,2024-10-04,MySQL,0,
159,Product 159,,,,9,7,926.53,1089.19,2024-10-03,,2024-10-04,2024-10-04,MySQL,0,
160,Product 160,,,,6,7,671.62,868.24,2024-10-03,,2024-10-04,2024-10-04,MySQL,0,
161,Product 161,,,,9,6,6148.31,8567.19,2024-10-03,,2024-10-04,2024-10-04,MySQL,0,
162,Product 162,,,,7,1,5149.01,6004.72,2024-10-03,,2024-10-04,2024-10-04,MySQL,0,
163,Product 163,,,,4,4,1650.37,1875.65,2024-10-03,,2024-10-04,2024-10-04,MySQL,0,
164,Product 164,,,,1,1,1234.69,1784.17,2024-10-03,,2024-10-04,2024-10-04,MySQL,0,
165,Product 165,,,,1,5,3649.41,4088.23,2024-10-03,,2024-10-04,2024-10-04,MySQL,0,
166,Product 166,,,,5,3,2006.35,2414.82,2024-10-03,,2024-10-04,2024-10-04,MySQL,0,
167,Product 167,,,,7,7,6254.04,9407.59,2024-10-03,,2024-10-04,2024-10-04,MySQL,0,
168,Product 168,,,,7,4,1502.57,2271.51,2024-10-03,,2024-10-04,2024-10-04,MySQL,0,
169,Product 169,,,,7,10,2140.58,3026.74,2024-10-03,,2024-10-04,2024-10-04,MySQL,0,
170,Product 170,,,,3,1,5760.01,8815.07,2024-10-03,,2024-10-04,2024-10-04,MySQL,0,
171,Product 171,,,,10,5,5167.29,7253.60,2024-10-03,,2024-10-04,2024-10-04,MySQL,0,
172,Product 172,,,,6,8,706.22,987.83,2024-10-03,,2024-10-04,2024-10-04,MySQL,0,
173,Product 173,,,,7,5,4541.94,6209.47,2024-10-03,,2024-10-04,2024-10-04,MySQL,0,
174,Product 174,,,,1,9,7403.99,9013.79,2024-10-03,,2024-10-04,2024-10-04,MySQL,0,
175,Product 175,,,,5,1,352.80,426.68,2024-10-03,,2024-10-04,2024-10-04,MySQL,0,
176,Product 176,,,,9,2,2034.96,3378.83,2024-10-03,,2024-10-04,2024-10-04,MySQL,0,
177,Product 177,,,,7,6,5777.15,9596.17,2024-10-03,,2024-10-04,2024-10-04,MySQL,0,
178,Product 178,,,,1,6,3639.36,4483.47,2024-10-03,,2024-10-04,2024-10-04,MySQL,0,
179,Product 179,,,,4,8,458.67,748.59,2024-10-03,,2024-10-04,2024-10-04,MySQL,0,
180,Product 180,,,,3,7,4199.72,6790.90,2024-10-03,,2024-10-04,2024-10-04,MySQL,0,
181,Product 181,,,,3,3,6187.47,9891.09,2024-10-03,,2024-10-04,2024-10-04,MySQL,0,
182,Product 182,,,,2,2,7183.49,9788.71,2024-10-03,,2024-10-04,2024-10-04,MySQL,0,
183,Product 183,,,,2,1,2647.48,3088.44,2024-10-03,,2024-10-04,2024-10-04,MySQL,0,
184,Product 184,,,,3,7,4043.11,4616.04,2024-10-03,,2024-10-04,2024-10-04,MySQL,0,
185,Product 185,,,,8,5,2845.18,3874.98,2024-10-03,,2024-10-04,2024-10-04,MySQL,0,
186,Product 186,,,,6,2,7243.89,9480.68,2024-10-03,,2024-10-04,2024-10-04,MySQL,0,
187,Product 187,,,,6,5,1061.57,1257.06,2024-10-03,,2024-10-04,2024-10-04,MySQL,0,
188,Product 188,,,,2,9,2388.13,2671.00,2024-10-03,,2024-10-04,2024-10-04,MySQL,0,
189,Product 189,,,,4,6,2880.32,4786.42,2024-10-03,,2024-10-04,2024-10-04,MySQL,0,
190,Product 190,,,,3,4,6620.30,9382.91,2024-10-03,,2024-10-04,2024-10-04,MySQL,0,
191,Product 191,,,,7,6,6570.58,8229.16,2024-10-03,,2024-10-04,2024-10-04,MySQL,0,
192,Product 192,,,,4,3,282.29,317.42,2024-10-03,,2024-10-04,2024-10-04,MySQL,0,
193,Product 193,,,,9,9,2123.79,3326.11,2024-10-03,,2024-10-04,2024-10-04,MySQL,0,
194,Product 194,,,,8,8,5301.08,6300.16,2024-10-03,,2024-10-04,2024-10-04,MySQL,0,
195,Product 195,,,,1,2,1612.58,2071.57,2024-10-03,,2024-10-04,2024-10-04,MySQL,0,
196,Product 196,,,,1,4,2275.40,3486.47,2024-10-03,,2024-10-04,2024-10-04,MySQL,0,
197,Product 197,,,,7,9,1450.83,2264.56,2024-10-03,,2024-10-04,2024-10-04,MySQL,0,
198,Product 198,,,,1,1,6453.89,9663.66,2024-10-03,,2024-10-04,2024-10-04,MySQL,0,
199,Product 199,,,,8,5,2144.13,2561.66,2024-10-03,,2024-10-04,2024-10-04,MySQL,0,
200,Product 200,,,,7,9,7433.75,9897.14,2024-10-03,,2024-10-04,2024-10-04,MySQL,0,
201,Product 201,,,,9,2,1743.16,2012.11,2024-10-03,,2024-10-04,2024-10-04,MySQL,0,
202,Product 202,,,,8,6,2147.73,2696.69,2024-10-03,,2024-10-04,2024-10-04,MySQL,0,
203,Product 203,,,,9,9,5239.28,7668.25,2024-10-03,,2024-10-04,2024-10-04,MySQL,0,
204,Product 204,,,,4,7,1073.87,1244.33,2024-10-03,,2024-10-04,2024-10-04,MySQL,0,
205,Product 205,,,,1,5,3785.22,4460.33,2024-10-03,,2024-10-04,2024-10-04,MySQL,0,
206,Product 206,,,,9,2,3652.04,5861.55,2024-10-03,,2024-10-04,2024-10-04,MySQL,0,
207,Product 207,,,,9,2,5964.75,9322.60,2024-10-03,,2024-10-04,2024-10-04,MySQL,0,
208,Product 208,,,,3,7,3892.60,5493.34,2024-10-03,,2024-10-04,2024-10-04,MySQL,0,
209,Product 209,,,,7,7,727.29,949.32,2024-10-03,,2024-10-04,2024-10-04,MySQL,0,
210,Product 210,,,,6,9,5582.55,6740.13,2024-10-03,,2024-10-04,2024-10-04,MySQL,0,
211,Product 211,,,,10,8,4692.64,6657.51,2024-10-03,,2024-10-04,2024-10-04,MySQL,0,
212,Product 212,,,,9,1,2523.80,2996.75,2024-10-03,,2024-10-04,2024-10-04,MySQL,0,
213,Product 213,,,,9,5,8473.58,9566.55,2024-10-03,,2024-10-04,2024-10-04,MySQL,0,
214,Product 214,,,,9,10,1252.52,1537.35,2024-10-03,,2024-10-04,2024-10-04,MySQL,0,
215,Product 215,,,,1,1,1941.87,2236.50,2024-10-03,,2024-10-04,2024-10-04,MySQL,0,
216,Product 216,,,,6,1,2227.60,2585.57,2024-10-03,,2024-10-04,2024-10-04,MySQL,0,
217,Product 217,,,,5,9,1038.32,1196.57,2024-10-03,,2024-10-04,2024-10-04,MySQL,0,
218,Product 218,,,,5,1,1439.49,1747.12,2024-10-03,,2024-10-04,2024-10-04,MySQL,0,
219,Product 219,,,,1,9,1729.33,2351.94,2024-10-03,,2024-10-04,2024-10-04,MySQL,0,
220,Product 220,,,,6,10,5565.49,8810.02,2024-10-03,,2024-10-04,2024-10-04,MySQL,0,
221,Product 221,,,,2,4,1088.91,1814.80,2024-10-03,,2024-10-04,2024-10-04,MySQL,0,
222,Product 222,,,,3,9,3735.63,5537.65,2024-10-03,,2024-10-04,2024-10-04,MySQL,0,
223,Product 223,,,,10,10,903.41,1216.02,2024-10-03,,2024-10-04,2024-10-04,MySQL,0,
224,Product 224,,,,1,8,244.17,338.69,2024-10-03,,2024-10-04,2024-10-04,MySQL,0,
225,Product 225,,,,3,7,4178.36,5187.31,2024-10-03,,2024-10-04,2024-10-04,MySQL,0,
226,Product 226,,,,6,1,8068.14,9825.41,2024-10-03,,2024-10-04,2024-10-04,MySQL,0,
227,Product 227,,,,3,10,6513.71,7851.47,2024-10-03,,2024-10-04,2024-10-04,MySQL,0,
228,Product 228,,,,2,2,4289.88,5710.57,2024-10-03,,2024-10-04,2024-10-04,MySQL,0,
229,Product 229,,,,8,1,5577.06,7650.06,2024-10-03,,2024-10-04,2024-10-04,MySQL,0,
230,Product 230,,,,7,4,116.35,182.33,2024-10-03,,2024-10-04,2024-10-04,MySQL,0,
231,Product 231,,,,6,7,7269.10,8694.98,2024-10-03,,2024-10-04,2024-10-04,MySQL,0,
232,Product 232,,,,9,7,2739.90,3759.75,2024-10-03,,2024-10-04,2024-10-04,MySQL,0,
233,Product 233,,,,1,3,95.00,105.71,2024-10-03,,2024-10-04,2024-10-04,MySQL,0,
234,Product 234,,,,7,2,2006.75,3221.92,2024-10-03,,2024-10-04,2024-10-04,MySQL,0,
235,Product 235,,,,3,2,2465.42,3615.58,2024-10-03,,2024-10-04,2024-10-04,MySQL,0,
236,Product 236,,,,3,4,4902.45,6733.14,2024-10-03,,2024-10-04,2024-10-04,MySQL,0,
237,Product 237,,,,7,10,4748.95,5795.74,2024-10-03,,2024-10-04,2024-10-04,MySQL,0,
238,Product 238,,,,8,2,6236.04,9336.00,2024-10-03,,2024-10-04,2024-10-04,MySQL,0,
239,Product 239,,,,7,9,5894.80,7668.35,2024-10-03,,2024-10-04,2024-10-04,MySQL,0,
240,Product 240,,,,8,6,1227.49,1548.56,2024-10-03,,2024-10-04,2024-10-04,MySQL,0,
241,Product 241,,,,10,9,5367.00,6890.01,2024-10-03,,2024-10-04,2024-10-04,MySQL,0,
242,Product 242,,,,9,8,1510.64,1723.79,2024-10-03,,2024-10-04,2024-10-04,MySQL,0,
243,Product 243,,,,1,5,1728.89,2795.65,2024-10-03,,2024-10-04,2024-10-04,MySQL,0,
244,Product 244,,,,2,8,4162.78,6403.05,2024-10-03,,2024-10-04,2024-10-04,MySQL,0,
245,Product 245,,,,2,2,3994.30,5672.62,2024-10-03,,2024-10-04,2024-10-04,MySQL,0,
246,Product 246,,,,1,6,2709.43,3713.69,2024-10-03,,2024-10-04,2024-10-04,MySQL,0,
247,Product 247,,,,1,1,751.24,979.80,2024-10-03,,2024-10-04,2024-10-04,MySQL,0,
248,Product 248,,,,5,7,6898.91,8227.77,2024-10-03,,2024-10-04,2024-10-04,MySQL,0,
249,Product 249,,,,2,10,6351.87,9176.40,2024-10-03,,2024-10-04,2024-10-04,MySQL,0,
250,Product 250,,,,5,7,7936.43,9980.74,2024-10-03,,2024-10-04,2024-10-04,MySQL,0,
251,Product 251,,,,6,3,1025.26,1260.14,2024-10-03,,2024-10-04,2024-10-04,MySQL,0,
252,Product 252,,,,10,7,5782.92,8257.97,2024-10-03,,2024-10-04,2024-10-04,MySQL,0,
253,Product 253,,,,8,8,651.29,919.09,2024-10-03,,2024-10-04,2024-10-04,MySQL,0,
254,Product 254,,,,9,10,4497.82,7072.85,2024-10-03,,2024-10-04,2024-10-04,MySQL,0,
255,Product 255,,,,6,8,6593.15,9414.17,2024-10-03,,2024-10-04,2024-10-04,MySQL,0,
256,Product 256,,,,2,1,2595.42,3465.77,2024-10-03,,2024-10-04,2024-10-04,MySQL,0,
257,Product 257,,,,7,4,2315.79,2822.33,2024-10-03,,2024-10-04,2024-10-04,MySQL,0,
258,Product 258,,,,10,3,4222.90,6090.40,2024-10-03,,2024-10-04,2024-10-04,MySQL,0,
259,Product 259,,,,6,1,4679.97,6605.41,2024-10-03,,2024-10-04,2024-10-04,MySQL,0,
260,Product 260,,,,2,2,2327.91,2951.24,2024-10-03,,2024-10-04,2024-10-04,MySQL,0,
261,Product 261,,,,6,8,3967.70,4598.28,2024-10-03,,2024-10-04,2024-10-04,MySQL,0,
262,Product 262,,,,1,7,484.01,780.29,2024-10-03,,2024-10-04,2024-10-04,MySQL,0,
263,Product 263,,,,7,9,828.61,982.62,2024-10-03,,2024-10-04,2024-10-04,MySQL,0,
264,Product 264,,,,8,2,6569.72,7613.28,2024-10-03,,2024-10-04,2024-10-04,MySQL,0,
265,Product 265,,,,3,7,1029.35,1569.03,2024-10-03,,2024-10-04,2024-10-04,MySQL,0,
266,Product 266,,,,5,8,2413.26,3213.75,2024-10-03,,2024-10-04,2024-10-04,MySQL,0,
267,Product 267,,,,7,9,3444.92,4957.10,2024-10-03,,2024-10-04,2024-10-04,MySQL,0,
268,Product 268,,,,1,4,7847.72,9019.36,2024-10-03,,2024-10-04,2024-10-04,MySQL,0,
269,Product 269,,,,3,5,3845.49,5751.15,2024-10-03,,2024-10-04,2024-10-04,MySQL,0,
270,Product 270,,,,9,2,1137.26,1830.04,2024-10-03,,2024-10-04,2024-10-04,MySQL,0,
271,Product 271,,,,5,6,7512.21,9884.60,2024-10-03,,2024-10-04,2024-10-04,MySQL,0,
272,Product 272,,,,7,2,2586.45,3073.32,2024-10-03,,2024-10-04,2024-10-04,MySQL,0,
273,Product 273,,,,5,8,2343.29,3356.55,2024-10-03,,2024-10-04,2024-10-04,MySQL,0,
274,Product 274,,,,8,4,6556.37,7475.78,2024-10-03,,2024-10-04,2024-10-04,MySQL,0,
275,Product 275,,,,8,5,4135.57,5945.71,2024-10-03,,2024-10-04,2024-10-04,MySQL,0,
276,Product 276,,,,3,5,2326.21,3234.24,2024-10-03,,2024-10-04,2024-10-04,MySQL,0,
277,Product 277,,,,6,8,2562.23,3955.64,2024-10-03,,2024-10-04,2024-10-04,MySQL,0,
278,Product 278,,,,8,3,1092.88,1382.15,2024-10-03,,2024-10-04,2024-10-04,MySQL,0,
279,Product 279,,,,5,1,4673.95,6210.08,2024-10-03,,2024-10-04,2024-10-04,MySQL,0,
280,Product 280,,,,7,5,2605.82,3583.44,2024-10-03,,2024-10-04,2024-10-04,MySQL,0,
281,Product 281,,,,1,5,3205.67,4551.20,2024-10-03,,2024-10-04,2024-10-04,MySQL,0,
282,Product 282,,,,3,2,2494.46,2915.30,2024-10-03,,2024-10-04,2024-10-04,MySQL,0,
283,Product 283,,,,7,10,7480.24,8792.27,2024-10-03,,2024-10-04,2024-10-04,MySQL,0,
284,Product 284,,,,9,3,6352.94,9634.08,2024-10-03,,2024-10-04,2024-10-04,MySQL,0,
285,Product 285,,,,10,9,4343.17,5824.65,2024-10-03,,2024-10-04,2024-10-04,MySQL,0,
286,Product 286,,,,8,3,2911.13,3669.95,2024-10-03,,2024-10-04,2024-10-04,MySQL,0,
287,Product 287,,,,3,6,2336.26,3401.44,2024-10-03,,2024-10-04,2024-10-04,MySQL,0,
288,Product 288,,,,7,7,2104.94,2891.05,2024-10-03,,2024-10-04,2024-10-04,MySQL,0,
289,Product 289,,,,2,4,1892.01,2451.49,2024-10-03,,2024-10-04,2024-10-04,MySQL,0,
290,Product 290,,,,1,7,1981.83,3163.95,2024-10-03,,2024-10-04,2024-10-04,MySQL,0,
291,Product 291,,,,8,3,7174.94,9958.83,2024-10-03,,2024-10-04,2024-10-04,MySQL,0,
292,Product 292,,,,1,2,2675.60,3732.97,2024-10-03,,2024-10-04,2024-10-04,MySQL,0,
293,Product 293,,,,8,8,1952.79,2445.33,2024-10-03,,2024-10-04,2024-10-04,MySQL,0,
294,Product 294,,,,8,4,5816.72,7942.95,2024-10-03,,2024-10-04,2024-10-04,MySQL,0,
295,Product 295,,,,4,2,179.76,269.30,2024-10-03,,2024-10-04,2024-10-04,MySQL,0,
296,Product 296,,,,1,4,1451.14,1656.48,2024-10-03,,2024-10-04,2024-10-04,MySQL,0,
297,Product 297,,,,1,2,4287.42,5181.30,2024-10-03,,2024-10-04,2024-10-04,MySQL,0,
298,Product 298,,,,8,4,6728.44,9760.23,2024-10-03,,2024-10-04,2024-10-04,MySQL,0,
299,Product 299,,,,1,10,6812.45,7951.55,2024-10-03,,2024-10-04,2024-10-04,MySQL,0,
300,Product 300,,,,7,10,2125.02,2770.14,2024-10-03,,2024-10-04,2024-10-04,MySQL,0,
301,Product 301,,,,4,4,3489.95,5003.98,2024-10-03,,2024-10-04,2024-10-04,MySQL,0,
302,Product 302,,,,1,5,2927.05,3700.52,2024-10-03,,2024-10-04,2024-10-04,MySQL,0,
303,Product 303,,,,1,8,980.25,1551.27,2024-10-03,,2024-10-04,2024-10-04,MySQL,0,
304,Product 304,,,,2,10,1247.92,1659.19,2024-10-03,,2024-10-04,2024-10-04,MySQL,0,
305,Product 305,,,,1,6,1651.82,2223.61,2024-10-03,,2024-10-04,2024-10-04,MySQL,0,
306,Product 306,,,,9,4,7209.15,9812.34,2024-10-03,,2024-10-04,2024-10-04,MySQL,0,
307,Product 307,,,,8,8,649.45,1067.40,2024-10-03,,2024-10-04,2024-10-04,MySQL,0,
308,Product 308,,,,8,1,4015.18,5342.52,2024-10-03,,2024-10-04,2024-10-04,MySQL,0,
309,Product 309,,,,7,9,341.64,476.89,2024-10-03,,2024-10-04,2024-10-04,MySQL,0,
310,Product 310,,,,6,5,5160.22,7848.52,2024-10-03,,2024-10-04,2024-10-04,MySQL,0,
311,Product 311,,,,6,3,7769.40,9994.46,2024-10-03,,2024-10-04,2024-10-04,MySQL,0,
312,Product 312,,,,2,8,269.25,424.22,2024-10-03,,2024-10-04,2024-10-04,MySQL,0,
313,Product 313,,,,8,9,6971.59,8638.93,2024-10-03,,2024-10-04,2024-10-04,MySQL,0,
314,Product 314,,,,4,7,2441.61,3390.47,2024-10-03,,2024-10-04,2024-10-04,MySQL,0,
315,Product 315,,,,6,8,3625.61,4799.82,2024-10-03,,2024-10-04,2024-10-04,MySQL,0,
316,Product 316,,,,1,8,2154.09,2731.47,2024-10-03,,2024-10-04,2024-10-04,MySQL,0,
317,Product 317,,,,5,7,3410.33,5160.52,2024-10-03,,2024-10-04,2024-10-04,MySQL,0,
318,Product 318,,,,4,7,3606.94,5136.40,2024-10-03,,2024-10-04,2024-10-04,MySQL,0,
319,Product 319,,,,8,9,7544.91,9970.27,2024-10-03,,2024-10-04,2024-10-04,MySQL,0,
320,Product 320,,,,10,1,1174.56,1516.97,2024-10-03,,2024-10-04,2024-10-04,MySQL,0,
321,Product 321,,,,10,6,7037.32,8366.17,2024-10-03,,2024-10-04,2024-10-04,MySQL,0,
322,Product 322,,,,7,4,2072.05,3236.39,2024-10-03,,2024-10-04,2024-10-04,MySQL,0,
323,Product 323,,,,10,6,175.00,262.98,2024-10-03,,2024-10-04,2024-10-04,MySQL,0,
324,Product 324,,,,1,5,4505.41,5314.44,2024-10-03,,2024-10-04,2024-10-04,MySQL,0,
325,Product 325,,,,5,8,6780.03,8334.44,2024-10-03,,2024-10-04,2024-10-04,MySQL,0,
326,Product 326,,,,1,4,4379.57,6847.69,2024-10-03,,2024-10-04,2024-10-04,MySQL,0,
327,Product 327,,,,10,6,4430.63,5362.17,2024-10-03,,2024-10-04,2024-10-04,MySQL,0,
328,Product 328,,,,5,4,5480.32,6615.49,2024-10-03,,2024-10-04,2024-10-04,MySQL,0,
329,Product 329,,,,8,7,5337.81,8831.74,2024-10-03,,2024-10-04,2024-10-04,MySQL,0,
330,Product 330,,,,9,2,1925.88,3085.74,2024-10-03,,2024-10-04,2024-10-04,MySQL,0,
331,Product 331,,,,8,6,6828.81,9918.65,2024-10-03,,2024-10-04,2024-10-04,MySQL,0,
332,Product 332,,,,5,10,5511.38,7810.24,2024-10-03,,2024-10-04,2024-10-04,MySQL,0,
333,Product 333,,,,2,7,4928.71,5640.80,2024-10-03,,2024-10-04,2024-10-04,MySQL,0,
334,Product 334,,,,9,10,3825.67,5420.70,2024-10-03,,2024-10-04,2024-10-04,MySQL,0,
335,Product 335,,,,1,9,3639.16,4477.59,2024-10-03,,2024-10-04,2024-10-04,MySQL,0,
336,Product 336,,,,8,7,5803.33,8181.83,2024-10-03,,2024-10-04,2024-10-04,MySQL,0,
337,Product 337,,,,7,8,666.31,1080.24,2024-10-03,,2024-10-04,2024-10-04,MySQL,0,
338,Product 338,,,,5,1,674.29,834.39,2024-10-03,,2024-10-04,2024-10-04,MySQL,0,
339,Product 339,,,,2,2,5398.88,6433.37,2024-10-03,,2024-10-04,2024-10-04,MySQL,0,
340,Product 340,,,,9,9,1039.27,1302.30,2024-10-03,,2024-10-04,2024-10-04,MySQL,0,
341,Product 341,,,,5,7,225.87,308.04,2024-10-03,,2024-10-04,2024-10-04,MySQL,0,
342,Product 342,,,,5,2,1624.38,2586.10,2024-10-03,,2024-10-04,2024-10-04,MySQL,0,
343,Product 343,,,,9,7,3188.67,4490.50,2024-10-03,,2024-10-04,2024-10-04,MySQL,0,
344,Product 344,,,,6,5,356.21,486.50,2024-10-03,,2024-10-04,2024-10-04,MySQL,0,
345,Product 345,,,,1,8,4488.18,5663.64,2024-10-03,,2024-10-04,2024-10-04,MySQL,0,
346,Product 346,,,,8,1,7348.35,9972.37,2024-10-03,,2024-10-04,2024-10-04,MySQL,0,
347,Product 347,,,,2,9,3189.98,3756.50,2024-10-03,,2024-10-04,2024-10-04,MySQL,0,
348,Product 348,,,,7,9,1922.98,2194.76,2024-10-03,,2024-10-04,2024-10-04,MySQL,0,
349,Product 349,,,,3,8,7510.63,8558.06,2024-10-03,,2024-10-04,2024-10-04,MySQL,0,
350,Product 350,,,,8,9,8242.69,9273.19,2024-10-03,,2024-10-04,2024-10-04,MySQL,0,
351,Product 351,,,,1,5,6974.45,8728.05,2024-10-03,,2024-10-04,2024-10-04,MySQL,0,
352,Product 352,,,,5,7,570.39,895.49,2024-10-03,,2024-10-04,2024-10-04,MySQL,0,
353,Product 353,,,,5,1,526.79,686.75,2024-10-03,,2024-10-04,2024-10-04,MySQL,0,
354,Product 354,,,,8,7,3953.39,5988.34,2024-10-03,,2024-10-04,2024-10-04,MySQL,0,
355,Product 355,,,,1,8,6205.65,9421.48,2024-10-03,,2024-10-04,2024-10-04,MySQL,0,
356,Product 356,,,,8,7,883.08,1233.00,2024-10-03,,2024-10-04,2024-10-04,MySQL,0,
357,Product 357,,,,8,5,5770.39,9029.76,2024-10-03,,2024-10-04,2024-10-04,MySQL,0,
358,Product 358,,,,9,1,1315.52,2048.29,2024-10-03,,2024-10-04,2024-10-04,MySQL,0,
359,Product 359,,,,2,3,5584.03,7044.16,2024-10-03,,2024-10-04,2024-10-04,MySQL,0,
360,Product 360,,,,4,8,8692.10,9816.77,2024-10-03,,2024-10-04,2024-10-04,MySQL,0,
361,Product 361,,,,5,5,7403.37,8980.85,2024-10-03,,2024-10-04,2024-10-04,MySQL,0,
362,Product 362,,,,6,4,7621.19,9024.05,2024-10-03,,2024-10-04,2024-10-04,MySQL,0,
363,Product 363,,,,10,1,2268.59,2810.50,2024-10-03,,2024-10-04,2024-10-04,MySQL,0,
364,Product 364,,,,3,8,4760.10,5430.54,2024-10-03,,2024-10-04,2024-10-04,MySQL,0,
365,Product 365,,,,2,2,5008.67,6829.88,2024-10-03,,2024-10-04,2024-10-04,MySQL,0,
366,Product 366,,,,7,4,3863.93,4986.16,2024-10-03,,2024-10-04,2024-10-04,MySQL,0,
367,Product 367,,,,10,10,5157.01,6307.07,2024-10-03,,2024-10-04,2024-10-04,MySQL,0,
368,Product 368,,,,4,8,534.24,845.65,2024-10-03,,2024-10-04,2024-10-04,MySQL,0,
369,Product 369,,,,2,7,2486.00,2851.93,2024-10-03,,2024-10-04,2024-10-04,MySQL,0,
370,Product 370,,,,9,7,7214.51,8307.83,2024-10-03,,2024-10-04,2024-10-04,MySQL,0,
371,Product 371,,,,10,7,335.92,391.13,2024-10-03,,2024-10-04,2024-10-04,MySQL,0,
372,Product 372,,,,4,9,847.91,1400.09,2024-10-03,,2024-10-04,2024-10-04,MySQL,0,
373,Product 373,,,,7,4,319.56,517.88,2024-10-03,,2024-10-04,2024-10-04,MySQL,0,
374,Product 374,,,,3,10,3647.94,6046.47,2024-10-03,,2024-10-04,2024-10-04,MySQL,0,
375,Product 375,,,,5,1,6833.95,9628.77,2024-10-03,,2024-10-04,2024-10-04,MySQL,0,
376,Product 376,,,,7,8,6627.61,7551.08,2024-10-03,,2024-10-04,2024-10-04,MySQL,0,
377,Product 377,,,,2,4,8063.16,9162.96,2024-10-03,,2024-10-04,2024-10-04,MySQL,0,
378,Product 378,,,,3,2,4905.02,7212.54,2024-10-03,,2024-10-04,2024-10-04,MySQL,0,
379,Product 379,,,,8,7,1393.73,1558.49,2024-10-03,,2024-10-04,2024-10-04,MySQL,0,
380,Product 380,,,,4,10,8760.16,9965.38,2024-10-03,,2024-10-04,2024-10-04,MySQL,0,
381,Product 381,,,,8,9,3453.89,5681.75,2024-10-03,,2024-10-04,2024-10-04,MySQL,0,
382,Product 382,,,,3,2,188.98,281.55,2024-10-03,,2024-10-04,2024-10-04,MySQL,0,
383,Product 383,,,,1,2,4811.48,7905.59,2024-10-03,,2024-10-04,2024-10-04,MySQL,0,
384,Product 384,,,,6,7,7312.29,8478.80,2024-10-03,,2024-10-04,2024-10-04,MySQL,0,
385,Product 385,,,,3,4,6877.24,7782.98,2024-10-03,,2024-10-04,2024-10-04,MySQL,0,
386,Product 386,,,,2,3,7312.86,8529.24,2024-10-03,,2024-10-04,2024-10-04,MySQL,0,
387,Product 387,,,,2,5,2555.67,3760.99,2024-10-03,,2024-10-04,2024-10-04,MySQL,0,
388,Product 388,,,,9,6,1133.65,1382.22,2024-10-03,,2024-10-04,2024-10-04,MySQL,0,
389,Product 389,,,,4,5,6281.38,8430.05,2024-10-03,,2024-10-04,2024-10-04,MySQL,0,
390,Product 390,,,,6,10,545.66,664.71,2024-10-03,,2024-10-04,2024-10-04,MySQL,0,
391,Product 391,,,,6,1,5950.46,9706.47,2024-10-03,,2024-10-04,2024-10-04,MySQL,0,
392,Product 392,,,,3,9,6566.40,8868.51,2024-10-03,,2024-10-04,2024-10-04,MySQL,0,
393,Product 393,,,,9,10,6805.83,9804.05,2024-10-03,,2024-10-04,2024-10-04,MySQL,0,
394,Product 394,,,,10,7,3020.97,4525.23,2024-10-03,,2024-10-04,2024-10-04,MySQL,0,
395,Product 395,,,,10,3,6658.74,8147.96,2024-10-03,,2024-10-04,2024-10-04,MySQL,0,
396,Product 396,,,,3,6,6668.92,8695.03,2024-10-03,,2024-10-04,2024-10-04,MySQL,0,
397,Product 397,,,,9,1,5364.35,6507.59,2024-10-03,,2024-10-04,2024-10-04,MySQL,0,
398,Product 398,,,,3,10,545.01,863.49,2024-10-03,,2024-10-04,2024-10-04,MySQL,0,
399,Product 399,,,,2,6,349.23,532.44,2024-10-03,,2024-10-04,2024-10-04,MySQL,0,
400,Product 400,,,,9,5,3250.31,5312.93,2024-10-03,,2024-10-04,2024-10-04,MySQL,0,
401,Product 401,,,,7,7,6204.99,7996.66,2024-10-03,,2024-10-04,2024-10-04,MySQL,0,
402,Product 402,,,,4,1,1097.68,1724.07,2024-10-03,,2024-10-04,2024-10-04,MySQL,0,
403,Product 403,,,,1,10,896.17,1176.21,2024-10-03,,2024-10-04,2024-10-04,MySQL,0,
404,Product 404,,,,2,4,772.69,873.71,2024-10-03,,2024-10-04,2024-10-04,MySQL,0,
405,Product 405,,,,7,6,3843.36,5929.68,2024-10-03,,2024-10-04,2024-10-04,MySQL,0,
406,Product 406,,,,1,7,4100.34,4760.80,2024-10-03,,2024-10-04,2024-10-04,MySQL,0,
407,Product 407,,,,10,8,2614.39,3800.09,2024-10-03,,2024-10-04,2024-10-04,MySQL,0,
408,Product 408,,,,10,1,4227.10,6443.27,2024-10-03,,2024-10-04,2024-10-04,MySQL,0,
409,Product 409,,,,1,9,3112.83,3698.78,2024-10-03,,2024-10-04,2024-10-04,MySQL,0,
410,Product 410,,,,9,2,3992.74,6628.65,2024-10-03,,2024-10-04,2024-10-04,MySQL,0,
411,Product 411,,,,3,7,5515.95,8960.21,2024-10-03,,2024-10-04,2024-10-04,MySQL,0,
412,Product 412,,,,5,3,100.63,129.47,2024-10-03,,2024-10-04,2024-10-04,MySQL,0,
413,Product 413,,,,8,4,4796.49,6411.14,2024-10-03,,2024-10-04,2024-10-04,MySQL,0,
414,Product 414,,,,9,7,6413.87,8986.87,2024-10-03,,2024-10-04,2024-10-04,MySQL,0,
415,Product 415,,,,7,8,7192.55,8636.81,2024-10-03,,2024-10-04,2024-10-04,MySQL,0,
416,Product 416,,,,5,10,6899.26,9230.79,2024-10-03,,2024-10-04,2024-10-04,MySQL,0,
417,Product 417,,,,8,4,2974.23,4672.02,2024-10-03,,2024-10-04,2024-10-04,MySQL,0,
418,Product 418,,,,6,1,4284.37,5521.28,2024-10-03,,2024-10-04,2024-10-04,MySQL,0,
419,Product 419,,,,9,2,2957.27,4010.76,2024-10-03,,2024-10-04,2024-10-04,MySQL,0,
420,Product 420,,,,3,7,6100.44,7629.04,2024-10-03,,2024-10-04,2024-10-04,MySQL,0,
421,Product 421,,,,1,3,1275.87,1992.70,2024-10-03,,2024-10-04,2024-10-04,MySQL,0,
422,Product 422,,,,1,4,6765.07,8442.45,2024-10-03,,2024-10-04,2024-10-04,MySQL,0,
423,Product 423,,,,3,1,3369.32,4276.24,2024-10-03,,2024-10-04,2024-10-04,MySQL,0,
424,Product 424,,,,8,5,3480.38,5632.94,2024-10-03,,2024-10-04,2024-10-04,MySQL,0,
425,Product 425,,,,6,4,2152.88,2642.50,2024-10-03,,2024-10-04,2024-10-04,MySQL,0,
426,Product 426,,,,10,4,5490.02,7007.56,2024-10-03,,2024-10-04,2024-10-04,MySQL,0,
427,Product 427,,,,9,4,6955.66,8696.65,2024-10-03,,2024-10-04,2024-10-04,MySQL,0,
428,Product 428,,,,5,10,1632.97,2645.64,2024-10-03,,2024-10-04,2024-10-04,MySQL,0,
429,Product 429,,,,3,5,5416.85,8558.88,2024-10-03,,2024-10-04,2024-10-04,MySQL,0,
430,Product 430,,,,6,5,4006.59,5098.41,2024-10-03,,2024-10-04,2024-10-04,MySQL,0,
431,Product 431,,,,6,6,4158.42,5136.62,2024-10-03,,2024-10-04,2024-10-04,MySQL,0,
432,Product 432,,,,7,1,2837.71,3175.48,2024-10-03,,2024-10-04,2024-10-04,MySQL,0,
433,Product 433,,,,4,3,146.55,171.59,2024-10-03,,2024-10-04,2024-10-04,MySQL,0,
434,Product 434,,,,1,4,5876.80,8787.38,2024-10-03,,2024-10-04,2024-10-04,MySQL,0,
435,Product 435,,,,7,3,410.72,610.60,2024-10-03,,2024-10-04,2024-10-04,MySQL,0,
436,Product 436,,,,1,2,3527.59,4141.30,2024-10-03,,2024-10-04,2024-10-04,MySQL,0,
437,Product 437,,,,10,8,4830.47,7167.43,2024-10-03,,2024-10-04,2024-10-04,MySQL,0,
438,Product 438,,,,9,2,599.99,895.44,2024-10-03,,2024-10-04,2024-10-04,MySQL,0,
439,Product 439,,,,5,9,2270.12,3612.77,2024-10-03,,2024-10-04,2024-10-04,MySQL,0,
440,Product 440,,,,9,2,4379.40,6560.69,2024-10-03,,2024-10-04,2024-10-04,MySQL,0,
441,Product 441,,,,3,6,5921.91,9064.95,2024-10-03,,2024-10-04,2024-10-04,MySQL,0,
442,Product 442,,,,3,5,7367.27,9595.57,2024-10-03,,2024-10-04,2024-10-04,MySQL,0,
443,Product 443,,,,10,7,5513.10,7491.64,2024-10-03,,2024-10-04,2024-10-04,MySQL,0,
444,Product 444,,,,1,4,3849.86,5029.12,2024-10-03,,2024-10-04,2024-10-04,MySQL,0,
445,Product 445,,,,10,9,4352.68,5571.44,2024-10-03,,2024-10-04,2024-10-04,MySQL,0,
446,Product 446,,,,9,6,7287.35,9477.21,2024-10-03,,2024-10-04,2024-10-04,MySQL,0,
447,Product 447,,,,2,7,2722.63,3850.35,2024-10-03,,2024-10-04,2024-10-04,MySQL,0,
448,Product 448,,,,2,2,5466.75,7839.51,2024-10-03,,2024-10-04,2024-10-04,MySQL,0,
449,Product 449,,,,3,8,252.95,351.40,2024-10-03,,2024-10-04,2024-10-04,MySQL,0,
450,Product 450,,,,8,5,4258.47,5633.23,2024-10-03,,2024-10-04,2024-10-04,MySQL,0,
451,Product 451,,,,8,9,3872.92,5716.80,2024-10-03,,2024-10-04,2024-10-04,MySQL,0,
452,Product 452,,,,2,1,3399.54,4609.26,2024-10-03,,2024-10-04,2024-10-04,MySQL,0,
453,Product 453,,,,5,9,1994.44,2241.12,2024-10-03,,2024-10-04,2024-10-04,MySQL,0,
454,Product 454,,,,3,6,3409.44,4814.96,2024-10-03,,2024-10-04,2024-10-04,MySQL,0,
455,Product 455,,,,6,3,6383.41,7792.95,2024-10-03,,2024-10-04,2024-10-04,MySQL,0,
456,Product 456,,,,8,3,2064.84,2703.30,2024-10-03,,2024-10-04,2024-10-04,MySQL,0,
457,Product 457,,,,3,4,764.25,1059.62,2024-10-03,,2024-10-04,2024-10-04,MySQL,0,
458,Product 458,,,,8,10,1679.91,1990.66,2024-10-03,,2024-10-04,2024-10-04,MySQL,0,
459,Product 459,,,,4,6,3486.82,5071.74,2024-10-03,,2024-10-04,2024-10-04,MySQL,0,
460,Product 460,,,,3,6,2337.39,3062.55,2024-10-03,,2024-10-04,2024-10-04,MySQL,0,
461,Product 461,,,,10,6,4387.95,7179.87,2024-10-03,,2024-10-04,2024-10-04,MySQL,0,
462,Product 462,,,,1,7,6839.00,8993.65,2024-10-03,,2024-10-04,2024-10-04,MySQL,0,
463,Product 463,,,,2,1,4865.44,6241.80,2024-10-03,,2024-10-04,2024-10-04,MySQL,0,
464,Product 464,,,,1,3,7965.03,9502.45,2024-10-03,,2024-10-04,2024-10-04,MySQL,0,
465,Product 465,,,,1,4,2484.86,2829.20,2024-10-03,,2024-10-04,2024-10-04,MySQL,0,
466,Product 466,,,,2,8,5722.40,7976.93,2024-10-03,,2024-10-04,2024-10-04,MySQL,0,
467,Product 467,,,,6,6,755.42,980.76,2024-10-03,,2024-10-04,2024-10-04,MySQL,0,
468,Product 468,,,,2,9,8492.64,9906.11,2024-10-03,,2024-10-04,2024-10-04,MySQL,0,
469,Product 469,,,,2,3,1221.64,1411.46,2024-10-03,,2024-10-04,2024-10-04,MySQL,0,
470,Product 470,,,,4,10,186.93,300.44,2024-10-03,,2024-10-04,2024-10-04,MySQL,0,
471,Product 471,,,,3,4,7150.16,8724.82,2024-10-03,,2024-10-04,2024-10-04,MySQL,0,
472,Product 472,,,,2,3,3569.29,5172.56,2024-10-03,,2024-10-04,2024-10-04,MySQL,0,
473,Product 473,,,,5,8,1871.21,2405.26,2024-10-03,,2024-10-04,2024-10-04,MySQL,0,
474,Product 474,,,,1,3,5363.82,6208.72,2024-10-03,,2024-10-04,2024-10-04,MySQL,0,
475,Product 475,,,,2,9,3440.64,5686.07,2024-10-03,,2024-10-04,2024-10-04,MySQL,0,
476,Product 476,,,,4,7,4837.09,5582.55,2024-10-03,,2024-10-04,2024-10-04,MySQL,0,
477,Product 477,,,,8,8,3046.83,4196.13,2024-10-03,,2024-10-04,2024-10-04,MySQL,0,
478,Product 478,,,,7,10,2190.39,3123.11,2024-10-03,,2024-10-04,2024-10-04,MySQL,0,
479,Product 479,,,,6,2,1898.28,2632.93,2024-10-03,,2024-10-04,2024-10-04,MySQL,0,
480,Product 480,,,,4,9,2970.27,4005.11,2024-10-03,,2024-10-04,2024-10-04,MySQL,0,
481,Product 481,,,,8,1,7895.31,8963.46,2024-10-03,,2024-10-04,2024-10-04,MySQL,0,
482,Product 482,,,,6,5,6464.65,7592.53,2024-10-03,,2024-10-04,2024-10-04,MySQL,0,
483,Product 483,,,,2,4,1820.11,2352.06,2024-10-03,,2024-10-04,2024-10-04,MySQL,0,
484,Product 484,,,,8,7,6499.45,9119.61,2024-10-03,,2024-10-04,2024-10-04,MySQL,0,
485,Product 485,,,,7,6,2594.61,3097.98,2024-10-03,,2024-10-04,2024-10-04,MySQL,0,
486,Product 486,,,,1,3,1478.72,1958.81,2024-10-03,,2024-10-04,2024-10-04,MySQL,0,
487,Product 487,,,,3,7,6737.74,9769.30,2024-10-03,,2024-10-04,2024-10-04,MySQL,0,
488,Product 488,,,,5,7,3564.96,4066.24,2024-10-03,,2024-10-04,2024-10-04,MySQL,0,
489,Product 489,,,,7,6,5593.82,6654.32,2024-10-03,,2024-10-04,2024-10-04,MySQL,0,
490,Product 490,,,,1,3,5739.24,8300.74,2024-10-03,,2024-10-04,2024-10-04,MySQL,0,
491,Product 491,,,,1,8,4675.84,5662.07,2024-10-03,,2024-10-04,2024-10-04,MySQL,0,
492,Product 492,,,,1,8,5834.74,7616.22,2024-10-03,,2024-10-04,2024-10-04,MySQL,0,
493,Product 493,,,,5,3,3470.76,4454.70,2024-10-03,,2024-10-04,2024-10-04,MySQL,0,
494,Product 494,,,,10,4,4582.71,6092.65,2024-10-03,,2024-10-04,2024-10-04,MySQL,0,
495,Product 495,,,,3,4,3422.78,5209.13,2024-10-03,,2024-10-04,2024-10-04,MySQL,0,
496,Product 496,,,,5,7,5296.29,8642.48,2024-10-03,,2024-10-04,2024-10-04,MySQL,0,
497,Product 497,,,,3,6,3814.51,5003.74,2024-10-03,,2024-10-04,2024-10-04,MySQL,0,
498,Product 498,,,,5,2,6408.52,8644.36,2024-10-03,,2024-10-04,2024-10-04,MySQL,0,
499,Product 499,,,,9,4,806.97,905.51,2024-10-03,,2024-10-04,2024-10-04,MySQL,0,
500,Product 500,,,,2,6,6183.47,9018.26,2024-10-03,,2024-10-04,2024-10-04,MySQL,0,
501,Product 501,,,,5,10,2794.80,3593.60,2024-10-03,,2024-10-04,2024-10-04,MySQL,0,
502,Product 502,,,,4,10,4530.87,6595.30,2024-10-03,,2024-10-04,2024-10-04,MySQL,0,
503,Product 503,,,,3,8,6912.11,9904.30,2024-10-03,,2024-10-04,2024-10-04,MySQL,0,
504,Product 504,,,,5,10,6288.22,9232.25,2024-10-03,,2024-10-04,2024-10-04,MySQL,0,
505,Product 505,,,,2,8,2734.68,4064.41,2024-10-03,,2024-10-04,2024-10-04,MySQL,0,
506,Product 506,,,,2,10,473.79,697.53,2024-10-03,,2024-10-04,2024-10-04,MySQL,0,
507,Product 507,,,,1,6,5195.55,8076.00,2024-10-03,,2024-10-04,2024-10-04,MySQL,0,
508,Product 508,,,,9,7,1528.99,2273.50,2024-10-03,,2024-10-04,2024-10-04,MySQL,0,
509,Product 509,,,,3,10,2586.43,3548.52,2024-10-03,,2024-10-04,2024-10-04,MySQL,0,
510,Product 510,,,,10,2,40.46,54.57,2024-10-03,,2024-10-04,2024-10-04,MySQL,0,
511,Product 511,,,,9,6,2717.65,3432.02,2024-10-03,,2024-10-04,2024-10-04,MySQL,0,
512,Product 512,,,,3,10,7029.83,9385.40,2024-10-03,,2024-10-04,2024-10-04,MySQL,0,
513,Product 513,,,,8,5,2619.07,3813.96,2024-10-03,,2024-10-04,2024-10-04,MySQL,0,
514,Product 514,,,,9,1,7750.49,9940.18,2024-10-03,,2024-10-04,2024-10-04,MySQL,0,
515,Product 515,,,,1,7,3091.84,4521.29,2024-10-03,,2024-10-04,2024-10-04,MySQL,0,
516,Product 516,,,,1,4,5994.61,8513.00,2024-10-03,,2024-10-04,2024-10-04,MySQL,0,
517,Product 517,,,,10,8,2375.17,2731.66,2024-10-03,,2024-10-04,2024-10-04,MySQL,0,
518,Product 518,,,,8,1,5508.23,6776.46,2024-10-03,,2024-10-04,2024-10-04,MySQL,0,
519,Product 519,,,,4,4,6667.22,9692.09,2024-10-03,,2024-10-04,2024-10-04,MySQL,0,
520,Product 520,,,,10,5,2911.38,4794.56,2024-10-03,,2024-10-04,2024-10-04,MySQL,0,
521,Product 521,,,,8,10,5124.25,7009.55,2024-10-03,,2024-10-04,2024-10-04,MySQL,0,
522,Product 522,,,,10,9,183.12,245.52,2024-10-03,,2024-10-04,2024-10-04,MySQL,0,
523,Product 523,,,,10,4,7506.01,9583.28,2024-10-03,,2024-10-04,2024-10-04,MySQL,0,
524,Product 524,,,,2,10,6092.44,8991.89,2024-10-03,,2024-10-04,2024-10-04,MySQL,0,
525,Product 525,,,,2,2,6410.42,7358.69,2024-10-03,,2024-10-04,2024-10-04,MySQL,0,
526,Product 526,,,,4,6,1770.74,2233.66,2024-10-03,,2024-10-04,2024-10-04,MySQL,0,
527,Product 527,,,,8,4,4011.08,4624.85,2024-10-03,,2024-10-04,2024-10-04,MySQL,0,
528,Product 528,,,,7,10,4341.85,5689.02,2024-10-03,,2024-10-04,2024-10-04,MySQL,0,
529,Product 529,,,,1,2,571.61,649.87,2024-10-03,,2024-10-04,2024-10-04,MySQL,0,
530,Product 530,,,,6,5,2725.19,3453.65,2024-10-03,,2024-10-04,2024-10-04,MySQL,0,
531,Product 531,,,,10,5,323.47,483.17,2024-10-03,,2024-10-04,2024-10-04,MySQL,0,
532,Product 532,,,,1,1,2056.56,2828.75,2024-10-03,,2024-10-04,2024-10-04,MySQL,0,
533,Product 533,,,,2,3,3595.65,5189.98,2024-10-03,,2024-10-04,2024-10-04,MySQL,0,
534,Product 534,,,,10,2,77.46,87.70,2024-10-03,,2024-10-04,2024-10-04,MySQL,0,
535,Product 535,,,,5,2,2121.28,3295.20,2024-10-03,,2024-10-04,2024-10-04,MySQL,0,
536,Product 536,,,,8,9,6427.73,9471.26,2024-10-03,,2024-10-04,2024-10-04,MySQL,0,
537,Product 537,,,,6,4,3283.93,3793.57,2024-10-03,,2024-10-04,2024-10-04,MySQL,0,
538,Product 538,,,,3,7,1349.11,1859.51,2024-10-03,,2024-10-04,2024-10-04,MySQL,0,
539,Product 539,,,,7,9,4967.00,6433.43,2024-10-03,,2024-10-04,2024-10-04,MySQL,0,
540,Product 540,,,,10,6,1808.69,2462.90,2024-10-03,,2024-10-04,2024-10-04,MySQL,0,
541,Product 541,,,,7,2,5389.47,8161.42,2024-10-03,,2024-10-04,2024-10-04,MySQL,0,
542,Product 542,,,,8,6,3631.72,4215.45,2024-10-03,,2024-10-04,2024-10-04,MySQL,0,
543,Product 543,,,,3,8,6375.57,9428.36,2024-10-03,,2024-10-04,2024-10-04,MySQL,0,
544,Product 544,,,,9,10,2100.52,2387.85,2024-10-03,,2024-10-04,2024-10-04,MySQL,0,
545,Product 545,,,,6,2,6658.71,8289.20,2024-10-03,,2024-10-04,2024-10-04,MySQL,0,
546,Product 546,,,,10,5,8025.09,9669.84,2024-10-03,,2024-10-04,2024-10-04,MySQL,0,
547,Product 547,,,,6,2,6295.08,7504.36,2024-10-03,,2024-10-04,2024-10-04,MySQL,0,
548,Product 548,,,,3,9,4182.17,5279.42,2024-10-03,,2024-10-04,2024-10-04,MySQL,0,
549,Product 549,,,,10,8,5548.35,6829.96,2024-10-03,,2024-10-04,2024-10-04,MySQL,0,
550,Product 550,,,,6,1,6939.44,9083.88,2024-10-03,,2024-10-04,2024-10-04,MySQL,0,
551,Product 551,,,,1,4,1536.36,1988.38,2024-10-03,,2024-10-04,2024-10-04,MySQL,0,
552,Product 552,,,,6,5,734.11,1083.11,2024-10-03,,2024-10-04,2024-10-04,MySQL,0,
553,Product 553,,,,2,5,4098.05,6545.71,2024-10-03,,2024-10-04,2024-10-04,MySQL,0,
554,Product 554,,,,9,1,4383.36,5109.36,2024-10-03,,2024-10-04,2024-10-04,MySQL,0,
555,Product 555,,,,10,10,6332.30,9109.59,2024-10-03,,2024-10-04,2024-10-04,MySQL,0,
556,Product 556,,,,3,7,4707.31,7117.93,2024-10-03,,2024-10-04,2024-10-04,MySQL,0,
557,Product 557,,,,8,4,6168.44,7812.27,2024-10-03,,2024-10-04,2024-10-04,MySQL,0,
558,Product 558,,,,6,4,5347.52,7501.81,2024-10-03,,2024-10-04,2024-10-04,MySQL,0,
559,Product 559,,,,2,7,5194.73,6662.07,2024-10-03,,2024-10-04,2024-10-04,MySQL,0,
560,Product 560,,,,8,8,1172.10,1502.40,2024-10-03,,2024-10-04,2024-10-04,MySQL,0,
561,Product 561,,,,4,1,3200.61,3627.12,2024-10-03,,2024-10-04,2024-10-04,MySQL,0,
562,Product 562,,,,9,4,1012.34,1188.35,2024-10-03,,2024-10-04,2024-10-04,MySQL,0,
563,Product 563,,,,5,9,6849.09,9905.81,2024-10-03,,2024-10-04,2024-10-04,MySQL,0,
564,Product 564,,,,7,5,5565.79,9227.28,2024-10-03,,2024-10-04,2024-10-04,MySQL,0,
565,Product 565,,,,3,1,6554.53,7525.31,2024-10-03,,2024-10-04,2024-10-04,MySQL,0,
566,Product 566,,,,4,4,6337.61,8778.49,2024-10-03,,2024-10-04,2024-10-04,MySQL,0,
567,Product 567,,,,4,5,7594.32,9019.23,2024-10-03,,2024-10-04,2024-10-04,MySQL,0,
568,Product 568,,,,10,8,6107.18,9233.80,2024-10-03,,2024-10-04,2024-10-04,MySQL,0,
569,Product 569,,,,1,6,828.82,950.92,2024-10-03,,2024-10-04,2024-10-04,MySQL,0,
570,Product 570,,,,1,1,6124.30,7763.76,2024-10-03,,2024-10-04,2024-10-04,MySQL,0,
571,Product 571,,,,2,1,4636.19,6246.71,2024-10-03,,2024-10-04,2024-10-04,MySQL,0,
572,Product 572,,,,10,10,2692.47,4286.18,2024-10-03,,2024-10-04,2024-10-04,MySQL,0,
573,Product 573,,,,5,10,3882.40,5112.12,2024-10-03,,2024-10-04,2024-10-04,MySQL,0,
574,Product 574,,,,2,6,5076.28,8090.17,2024-10-03,,2024-10-04,2024-10-04,MySQL,0,
575,Product 575,,,,1,5,2638.79,3335.03,2024-10-03,,2024-10-04,2024-10-04,MySQL,0,
576,Product 576,,,,2,3,319.88,445.17,2024-10-03,,2024-10-04,2024-10-04,MySQL,0,
577,Product 577,,,,2,4,3610.17,4378.37,2024-10-03,,2024-10-04,2024-10-04,MySQL,0,
578,Product 578,,,,7,3,5303.89,6388.83,2024-10-03,,2024-10-04,2024-10-04,MySQL,0,
579,Product 579,,,,7,1,6545.02,9576.79,2024-10-03,,2024-10-04,2024-10-04,MySQL,0,
580,Product 580,,,,9,6,2700.62,3195.25,2024-10-03,,2024-10-04,2024-10-04,MySQL,0,
581,Product 581,,,,1,8,4653.22,5648.91,2024-10-03,,2024-10-04,2024-10-04,MySQL,0,
582,Product 582,,,,5,8,1930.81,2309.99,2024-10-03,,2024-10-04,2024-10-04,MySQL,0,
583,Product 583,,,,7,9,6040.56,9687.75,2024-10-03,,2024-10-04,2024-10-04,MySQL,0,
584,Product 584,,,,8,9,4852.11,7052.87,2024-10-03,,2024-10-04,2024-10-04,MySQL,0,
585,Product 585,,,,4,3,6982.73,9481.85,2024-10-03,,2024-10-04,2024-10-04,MySQL,0,
586,Product 586,,,,5,7,2665.90,4389.71,2024-10-03,,2024-10-04,2024-10-04,MySQL,0,
587,Product 587,,,,4,5,5363.59,6443.67,2024-10-03,,2024-10-04,2024-10-04,MySQL,0,
588,Product 588,,,,3,8,797.82,1288.65,2024-10-03,,2024-10-04,2024-10-04,MySQL,0,
589,Product 589,,,,5,6,6002.15,7309.64,2024-10-03,,2024-10-04,2024-10-04,MySQL,0,
590,Product 590,,,,10,6,5373.91,8603.39,2024-10-03,,2024-10-04,2024-10-04,MySQL,0,
591,Product 591,,,,5,3,6149.14,9003.16,2024-10-03,,2024-10-04,2024-10-04,MySQL,0,
592,Product 592,,,,10,10,1434.46,1805.69,2024-10-03,,2024-10-04,2024-10-04,MySQL,0,
593,Product 593,,,,10,3,1333.05,2051.28,2024-10-03,,2024-10-04,2024-10-04,MySQL,0,
594,Product 594,,,,1,2,2043.87,2339.58,2024-10-03,,2024-10-04,2024-10-04,MySQL,0,
595,Product 595,,,,5,8,3207.65,4130.14,2024-10-03,,2024-10-04,2024-10-04,MySQL,0,
596,Product 596,,,,5,2,1682.05,2538.79,2024-10-03,,2024-10-04,2024-10-04,MySQL,0,
597,Product 597,,,,8,5,1618.14,1824.18,2024-10-03,,2024-10-04,2024-10-04,MySQL,0,
598,Product 598,,,,10,2,3311.29,3969.41,2024-10-03,,2024-10-04,2024-10-04,MySQL,0,
599,Product 599,,,,3,7,3760.42,4323.26,2024-10-03,,2024-10-04,2024-10-04,MySQL,0,
600,Product 600,,,,5,6,5954.61,6685.11,2024-10-03,,2024-10-04,2024-10-04,MySQL,0,
601,Product 601,,,,2,6,5177.01,8506.61,2024-10-03,,2024-10-04,2024-10-04,MySQL,0,
602,Product 602,,,,6,9,3432.03,4774.29,2024-10-03,,2024-10-04,2024-10-04,MySQL,0,
603,Product 603,,,,10,10,5176.61,5982.75,2024-10-03,,2024-10-04,2024-10-04,MySQL,0,
604,Product 604,,,,7,8,222.99,279.41,2024-10-03,,2024-10-04,2024-10-04,MySQL,0,
605,Product 605,,,,2,8,8373.69,9941.55,2024-10-03,,2024-10-04,2024-10-04,MySQL,0,
606,Product 606,,,,1,9,118.37,158.47,2024-10-03,,2024-10-04,2024-10-04,MySQL,0,
607,Product 607,,,,5,9,4581.34,6080.21,2024-10-03,,2024-10-04,2024-10-04,MySQL,0,
608,Product 608,,,,4,3,2412.35,3733.35,2024-10-03,,2024-10-04,2024-10-04,MySQL,0,
609,Product 609,,,,3,9,577.53,716.40,2024-10-03,,2024-10-04,2024-10-04,MySQL,0,
610,Product 610,,,,7,4,6572.61,9487.56,2024-10-03,,2024-10-04,2024-10-04,MySQL,0,
611,Product 611,,,,4,1,4438.70,5451.54,2024-10-03,,2024-10-04,2024-10-04,MySQL,0,
612,Product 612,,,,5,8,4478.76,6766.28,2024-10-03,,2024-10-04,2024-10-04,MySQL,0,
613,Product 613,,,,1,1,1463.41,2283.91,2024-10-03,,2024-10-04,2024-10-04,MySQL,0,
614,Product 614,,,,7,6,467.72,757.98,2024-10-03,,2024-10-04,2024-10-04,MySQL,0,
615,Product 615,,,,10,6,2647.29,4066.51,2024-10-03,,2024-10-04,2024-10-04,MySQL,0,
616,Product 616,,,,7,10,1811.48,2070.91,2024-10-03,,2024-10-04,2024-10-04,MySQL,0,
617,Product 617,,,,2,4,2783.29,4069.36,2024-10-03,,2024-10-04,2024-10-04,MySQL,0,
618,Product 618,,,,5,3,5712.43,8892.58,2024-10-03,,2024-10-04,2024-10-04,MySQL,0,
619,Product 619,,,,1,4,4894.86,5517.69,2024-10-03,,2024-10-04,2024-10-04,MySQL,0,
620,Product 620,,,,1,6,1386.83,1739.69,2024-10-03,,2024-10-04,2024-10-04,MySQL,0,
621,Product 621,,,,3,2,314.14,399.23,2024-10-03,,2024-10-04,2024-10-04,MySQL,0,
622,Product 622,,,,8,2,537.41,809.34,2024-10-03,,2024-10-04,2024-10-04,MySQL,0,
623,Product 623,,,,7,8,287.06,358.16,2024-10-03,,2024-10-04,2024-10-04,MySQL,0,
624,Product 624,,,,10,8,5225.04,8419.69,2024-10-03,,2024-10-04,2024-10-04,MySQL,0,
625,Product 625,,,,4,7,1745.59,2143.81,2024-10-03,,2024-10-04,2024-10-04,MySQL,0,
626,Product 626,,,,8,6,7458.20,8754.94,2024-10-03,,2024-10-04,2024-10-04,MySQL,0,
627,Product 627,,,,10,6,3795.58,4934.79,2024-10-03,,2024-10-04,2024-10-04,MySQL,0,
628,Product 628,,,,2,10,882.36,1341.76,2024-10-03,,2024-10-04,2024-10-04,MySQL,0,
629,Product 629,,,,8,10,4600.44,5982.45,2024-10-03,,2024-10-04,2024-10-04,MySQL,0,
630,Product 630,,,,4,4,1343.87,1838.12,2024-10-03,,2024-10-04,2024-10-04,MySQL,0,
631,Product 631,,,,8,9,2400.52,3122.45,2024-10-03,,2024-10-04,2024-10-04,MySQL,0,
632,Product 632,,,,9,8,790.33,1194.49,2024-10-03,,2024-10-04,2024-10-04,MySQL,0,
633,Product 633,,,,7,7,6902.50,9125.97,2024-10-03,,2024-10-04,2024-10-04,MySQL,0,
634,Product 634,,,,4,6,4514.01,6652.20,2024-10-03,,2024-10-04,2024-10-04,MySQL,0,
635,Product 635,,,,5,2,310.74,450.21,2024-10-03,,2024-10-04,2024-10-04,MySQL,0,
636,Product 636,,,,5,5,586.91,752.44,2024-10-03,,2024-10-04,2024-10-04,MySQL,0,
637,Product 637,,,,2,3,5450.63,6505.19,2024-10-03,,2024-10-04,2024-10-04,MySQL,0,
638,Product 638,,,,1,1,5198.60,7107.64,2024-10-03,,2024-10-04,2024-10-04,MySQL,0,
639,Product 639,,,,7,5,6352.45,7767.04,2024-10-03,,2024-10-04,2024-10-04,MySQL,0,
640,Product 640,,,,6,4,5658.94,8645.21,2024-10-03,,2024-10-04,2024-10-04,MySQL,0,
641,Product 641,,,,2,9,3010.29,4390.58,2024-10-03,,2024-10-04,2024-10-04,MySQL,0,
642,Product 642,,,,1,4,4452.73,6705.08,2024-10-03,,2024-10-04,2024-10-04,MySQL,0,
643,Product 643,,,,1,3,2290.43,2771.30,2024-10-03,,2024-10-04,2024-10-04,MySQL,0,
644,Product 644,,,,7,2,634.30,943.09,2024-10-03,,2024-10-04,2024-10-04,MySQL,0,
645,Product 645,,,,5,10,7568.27,9450.70,2024-10-03,,2024-10-04,2024-10-04,MySQL,0,
646,Product 646,,,,7,1,5303.24,8302.97,2024-10-03,,2024-10-04,2024-10-04,MySQL,0,
647,Product 647,,,,8,2,515.84,804.33,2024-10-03,,2024-10-04,2024-10-04,MySQL,0,
648,Product 648,,,,8,8,2095.94,3306.47,2024-10-03,,2024-10-04,2024-10-04,MySQL,0,
649,Product 649,,,,4,8,3943.78,5447.03,2024-10-03,,2024-10-04,2024-10-04,MySQL,0,
650,Product 650,,,,6,6,4623.81,6853.69,2024-10-03,,2024-10-04,2024-10-04,MySQL,0,
651,Product 651,,,,9,10,7710.31,9757.24,2024-10-03,,2024-10-04,2024-10-04,MySQL,0,
652,Product 652,,,,1,8,4012.99,5540.81,2024-10-03,,2024-10-04,2024-10-04,MySQL,0,
653,Product 653,,,,1,4,78.55,123.85,2024-10-03,,2024-10-04,2024-10-04,MySQL,0,
654,Product 654,,,,3,8,1122.39,1385.92,2024-10-03,,2024-10-04,2024-10-04,MySQL,0,
655,Product 655,,,,9,8,5717.81,9170.85,2024-10-03,,2024-10-04,2024-10-04,MySQL,0,
656,Product 656,,,,10,3,3619.64,5380.39,2024-10-03,,2024-10-04,2024-10-04,MySQL,0,
657,Product 657,,,,10,5,1860.46,2112.41,2024-10-03,,2024-10-04,2024-10-04,MySQL,0,
658,Product 658,,,,3,3,5264.12,6826.41,2024-10-03,,2024-10-04,2024-10-04,MySQL,0,
659,Product 659,,,,10,3,3107.07,4701.74,2024-10-03,,2024-10-04,2024-10-04,MySQL,0,
660,Product 660,,,,4,5,4481.33,6798.50,2024-10-03,,2024-10-04,2024-10-04,MySQL,0,
661,Product 661,,,,7,3,7349.88,9902.88,2024-10-03,,2024-10-04,2024-10-04,MySQL,0,
662,Product 662,,,,5,5,598.07,750.72,2024-10-03,,2024-10-04,2024-10-04,MySQL,0,
663,Product 663,,,,1,7,340.60,389.12,2024-10-03,,2024-10-04,2024-10-04,MySQL,0,
664,Product 664,,,,8,3,7467.92,8575.59,2024-10-03,,2024-10-04,2024-10-04,MySQL,0,
665,Product 665,,,,10,7,4143.43,5493.18,2024-10-03,,2024-10-04,2024-10-04,MySQL,0,
666,Product 666,,,,2,9,8331.90,9561.23,2024-10-03,,2024-10-04,2024-10-04,MySQL,0,
667,Product 667,,,,8,3,5057.07,6141.63,2024-10-03,,2024-10-04,2024-10-04,MySQL,0,
668,Product 668,,,,9,3,4126.31,5230.81,2024-10-03,,2024-10-04,2024-10-04,MySQL,0,
669,Product 669,,,,2,3,4742.94,6430.80,2024-10-03,,2024-10-04,2024-10-04,MySQL,0,
670,Product 670,,,,3,7,6343.68,8910.21,2024-10-03,,2024-10-04,2024-10-04,MySQL,0,
671,Product 671,,,,10,3,8045.74,9005.68,2024-10-03,,2024-10-04,2024-10-04,MySQL,0,
672,Product 672,,,,2,4,2502.56,3007.95,2024-10-03,,2024-10-04,2024-10-04,MySQL,0,
673,Product 673,,,,10,4,6955.56,9837.27,2024-10-03,,2024-10-04,2024-10-04,MySQL,0,
674,Product 674,,,,8,8,3041.38,3751.55,2024-10-03,,2024-10-04,2024-10-04,MySQL,0,
675,Product 675,,,,3,10,1888.87,2336.61,2024-10-03,,2024-10-04,2024-10-04,MySQL,0,
676,Product 676,,,,10,2,6924.60,8875.93,2024-10-03,,2024-10-04,2024-10-04,MySQL,0,
677,Product 677,,,,9,2,677.14,1107.28,2024-10-03,,2024-10-04,2024-10-04,MySQL,0,
678,Product 678,,,,10,9,817.81,1302.45,2024-10-03,,2024-10-04,2024-10-04,MySQL,0,
679,Product 679,,,,9,3,5169.25,6407.27,2024-10-03,,2024-10-04,2024-10-04,MySQL,0,
680,Product 680,,,,8,7,5645.10,8500.41,2024-10-03,,2024-10-04,2024-10-04,MySQL,0,
681,Product 681,,,,8,6,4519.78,5289.28,2024-10-03,,2024-10-04,2024-10-04,MySQL,0,
682,Product 682,,,,9,10,6253.59,8900.84,2024-10-03,,2024-10-04,2024-10-04,MySQL,0,
683,Product 683,,,,1,8,4860.38,7405.81,2024-10-03,,2024-10-04,2024-10-04,MySQL,0,
684,Product 684,,,,2,7,1987.10,3055.61,2024-10-03,,2024-10-04,2024-10-04,MySQL,0,
685,Product 685,,,,5,8,6066.96,6968.58,2024-10-03,,2024-10-04,2024-10-04,MySQL,0,
686,Product 686,,,,10,10,5252.09,7520.92,2024-10-03,,2024-10-04,2024-10-04,MySQL,0,
687,Product 687,,,,9,2,70.15,105.32,2024-10-03,,2024-10-04,2024-10-04,MySQL,0,
688,Product 688,,,,1,9,2802.66,3325.09,2024-10-03,,2024-10-04,2024-10-04,MySQL,0,
689,Product 689,,,,6,7,334.02,460.03,2024-10-03,,2024-10-04,2024-10-04,MySQL,0,
690,Product 690,,,,4,4,1887.13,2853.74,2024-10-03,,2024-10-04,2024-10-04,MySQL,0,
691,Product 691,,,,6,4,3882.97,4986.95,2024-10-03,,2024-10-04,2024-10-04,MySQL,0,
692,Product 692,,,,7,8,4351.08,5433.04,2024-10-03,,2024-10-04,2024-10-04,MySQL,0,
693,Product 693,,,,6,5,1782.86,2777.96,2024-10-03,,2024-10-04,2024-10-04,MySQL,0,
694,Product 694,,,,4,9,5532.18,6694.75,2024-10-03,,2024-10-04,2024-10-04,MySQL,0,
695,Product 695,,,,9,5,3963.73,4827.69,2024-10-03,,2024-10-04,2024-10-04,MySQL,0,
696,Product 696,,,,5,8,4000.73,4647.69,2024-10-03,,2024-10-04,2024-10-04,MySQL,0,
697,Product 697,,,,8,1,715.72,1092.04,2024-10-03,,2024-10-04,2024-10-04,MySQL,0,
698,Product 698,,,,10,6,6334.63,8022.42,2024-10-03,,2024-10-04,2024-10-04,MySQL,0,
699,Product 699,,,,3,10,1678.43,1946.39,2024-10-03,,2024-10-04,2024-10-04,MySQL,0,
700,Product 700,,,,9,6,5151.32,7173.04,2024-10-03,,2024-10-04,2024-10-04,MySQL,0,
701,Product 701,,,,7,6,3806.15,4512.72,2024-10-03,,2024-10-04,2024-10-04,MySQL,0,
702,Product 702,,,,5,9,3386.33,5381.35,2024-10-03,,2024-10-04,2024-10-04,MySQL,0,
703,Product 703,,,,2,6,7982.28,9354.77,2024-10-03,,2024-10-04,2024-10-04,MySQL,0,
704,Product 704,,,,10,5,1010.93,1177.77,2024-10-03,,2024-10-04,2024-10-04,MySQL,0,
705,Product 705,,,,3,5,3167.39,4610.87,2024-10-03,,2024-10-04,2024-10-04,MySQL,0,
706,Product 706,,,,1,9,844.99,1000.89,2024-10-03,,2024-10-04,2024-10-04,MySQL,0,
707,Product 707,,,,10,4,2908.03,3400.03,2024-10-03,,2024-10-04,2024-10-04,MySQL,0,
708,Product 708,,,,9,1,5277.60,8545.41,2024-10-03,,2024-10-04,2024-10-04,MySQL,0,
709,Product 709,,,,7,5,2910.01,3322.34,2024-10-03,,2024-10-04,2024-10-04,MySQL,0,
710,Product 710,,,,10,5,2093.32,3214.45,2024-10-03,,2024-10-04,2024-10-04,MySQL,0,
711,Product 711,,,,3,3,4537.37,6106.19,2024-10-03,,2024-10-04,2024-10-04,MySQL,0,
712,Product 712,,,,3,5,4470.94,5714.74,2024-10-03,,2024-10-04,2024-10-04,MySQL,0,
713,Product 713,,,,3,10,3582.34,4165.39,2024-10-03,,2024-10-04,2024-10-04,MySQL,0,
714,Product 714,,,,7,1,608.74,848.99,2024-10-03,,2024-10-04,2024-10-04,MySQL,0,
715,Product 715,,,,7,6,6212.01,8933.48,2024-10-03,,2024-10-04,2024-10-04,MySQL,0,
716,Product 716,,,,8,7,6522.23,8972.95,2024-10-03,,2024-10-04,2024-10-04,MySQL,0,
717,Product 717,,,,4,5,4691.97,6392.77,2024-10-03,,2024-10-04,2024-10-04,MySQL,0,
718,Product 718,,,,2,9,2972.63,4565.16,2024-10-03,,2024-10-04,2024-10-04,MySQL,0,
719,Product 719,,,,8,2,2590.79,2996.65,2024-10-03,,2024-10-04,2024-10-04,MySQL,0,
720,Product 720,,,,3,2,4277.32,4783.36,2024-10-03,,2024-10-04,2024-10-04,MySQL,0,
721,Product 721,,,,2,10,7783.17,9612.72,2024-10-03,,2024-10-04,2024-10-04,MySQL,0,
722,Product 722,,,,9,2,4772.98,7857.39,2024-10-03,,2024-10-04,2024-10-04,MySQL,0,
723,Product 723,,,,4,2,4024.08,5926.31,2024-10-03,,2024-10-04,2024-10-04,MySQL,0,
724,Product 724,,,,7,3,7001.80,9783.15,2024-10-03,,2024-10-04,2024-10-04,MySQL,0,
725,Product 725,,,,3,7,1242.76,1797.63,2024-10-03,,2024-10-04,2024-10-04,MySQL,0,
726,Product 726,,,,2,4,4160.81,5654.88,2024-10-03,,2024-10-04,2024-10-04,MySQL,0,
727,Product 727,,,,4,5,4691.89,5835.59,2024-10-03,,2024-10-04,2024-10-04,MySQL,0,
728,Product 728,,,,8,8,427.26,516.56,2024-10-03,,2024-10-04,2024-10-04,MySQL,0,
729,Product 729,,,,4,4,178.93,265.14,2024-10-03,,2024-10-04,2024-10-04,MySQL,0,
730,Product 730,,,,3,1,3631.14,4830.54,2024-10-03,,2024-10-04,2024-10-04,MySQL,0,
731,Product 731,,,,7,4,7174.62,9086.88,2024-10-03,,2024-10-04,2024-10-04,MySQL,0,
732,Product 732,,,,3,5,5566.54,8578.77,2024-10-03,,2024-10-04,2024-10-04,MySQL,0,
733,Product 733,,,,4,5,6661.21,9096.82,2024-10-03,,2024-10-04,2024-10-04,MySQL,0,
734,Product 734,,,,2,5,5288.53,8071.83,2024-10-03,,2024-10-04,2024-10-04,MySQL,0,
735,Product 735,,,,6,5,4873.05,8071.80,2024-10-03,,2024-10-04,2024-10-04,MySQL,0,
736,Product 736,,,,4,7,5444.66,8054.52,2024-10-03,,2024-10-04,2024-10-04,MySQL,0,
737,Product 737,,,,4,3,8389.09,9533.97,2024-10-03,,2024-10-04,2024-10-04,MySQL,0,
738,Product 738,,,,9,1,6272.95,9652.79,2024-10-03,,2024-10-04,2024-10-04,MySQL,0,
739,Product 739,,,,3,1,5656.01,7133.88,2024-10-03,,2024-10-04,2024-10-04,MySQL,0,
740,Product 740,,,,3,6,7542.75,9669.87,2024-10-03,,2024-10-04,2024-10-04,MySQL,0,
741,Product 741,,,,8,3,6355.61,7881.44,2024-10-03,,2024-10-04,2024-10-04,MySQL,0,
742,Product 742,,,,6,10,1473.05,2321.13,2024-10-03,,2024-10-04,2024-10-04,MySQL,0,
743,Product 743,,,,7,9,6619.06,9348.43,2024-10-03,,2024-10-04,2024-10-04,MySQL,0,
744,Product 744,,,,8,1,339.78,476.91,2024-10-03,,2024-10-04,2024-10-04,MySQL,0,
745,Product 745,,,,6,5,2865.43,4122.45,2024-10-03,,2024-10-04,2024-10-04,MySQL,0,
746,Product 746,,,,4,7,7266.24,8951.39,2024-10-03,,2024-10-04,2024-10-04,MySQL,0,
747,Product 747,,,,5,2,147.30,172.86,2024-10-03,,2024-10-04,2024-10-04,MySQL,0,
748,Product 748,,,,4,2,4360.77,5774.77,2024-10-03,,2024-10-04,2024-10-04,MySQL,0,
749,Product 749,,,,3,7,6795.66,8215.22,2024-10-03,,2024-10-04,2024-10-04,MySQL,0,
750,Product 750,,,,7,1,3022.77,3832.59,2024-10-03,,2024-10-04,2024-10-04,MySQL,0,
751,Product 751,,,,2,6,2870.22,3629.68,2024-10-03,,2024-10-04,2024-10-04,MySQL,0,
752,Product 752,,,,1,4,6093.39,8616.68,2024-10-03,,2024-10-04,2024-10-04,MySQL,0,
753,Product 753,,,,3,9,2615.88,3469.28,2024-10-03,,2024-10-04,2024-10-04,MySQL,0,
754,Product 754,,,,8,8,6824.91,8809.95,2024-10-03,,2024-10-04,2024-10-04,MySQL,0,
755,Product 755,,,,4,4,2675.30,3833.42,2024-10-03,,2024-10-04,2024-10-04,MySQL,0,
756,Product 756,,,,10,3,1377.19,1885.88,2024-10-03,,2024-10-04,2024-10-04,MySQL,0,
757,Product 757,,,,4,4,6764.38,8814.43,2024-10-03,,2024-10-04,2024-10-04,MySQL,0,
758,Product 758,,,,10,7,507.70,703.38,2024-10-03,,2024-10-04,2024-10-04,MySQL,0,
759,Product 759,,,,6,9,786.17,1239.56,2024-10-03,,2024-10-04,2024-10-04,MySQL,0,
760,Product 760,,,,7,2,1328.08,1661.44,2024-10-03,,2024-10-04,2024-10-04,MySQL,0,
761,Product 761,,,,2,10,7710.87,8672.25,2024-10-03,,2024-10-04,2024-10-04,MySQL,0,
762,Product 762,,,,4,4,5824.66,8725.89,2024-10-03,,2024-10-04,2024-10-04,MySQL,0,
763,Product 763,,,,10,3,7893.51,9440.07,2024-10-03,,2024-10-04,2024-10-04,MySQL,0,
764,Product 764,,,,1,9,3881.85,4437.31,2024-10-03,,2024-10-04,2024-10-04,MySQL,0,
765,Product 765,,,,8,5,3627.02,4192.26,2024-10-03,,2024-10-04,2024-10-04,MySQL,0,
766,Product 766,,,,1,6,6279.47,9240.29,2024-10-03,,2024-10-04,2024-10-04,MySQL,0,
767,Product 767,,,,5,5,4564.66,5290.07,2024-10-03,,2024-10-04,2024-10-04,MySQL,0,
768,Product 768,,,,6,2,5778.76,7518.57,2024-10-03,,2024-10-04,2024-10-04,MySQL,0,
769,Product 769,,,,10,8,3190.29,4616.95,2024-10-03,,2024-10-04,2024-10-04,MySQL,0,
770,Product 770,,,,5,5,2542.75,3620.87,2024-10-03,,2024-10-04,2024-10-04,MySQL,0,
771,Product 771,,,,2,8,6907.26,8434.77,2024-10-03,,2024-10-04,2024-10-04,MySQL,0,
772,Product 772,,,,4,8,3593.24,5839.27,2024-10-03,,2024-10-04,2024-10-04,MySQL,0,
773,Product 773,,,,5,4,479.05,630.65,2024-10-03,,2024-10-04,2024-10-04,MySQL,0,
774,Product 774,,,,8,2,7091.29,9092.64,2024-10-03,,2024-10-04,2024-10-04,MySQL,0,
775,Product 775,,,,4,4,2194.50,3031.19,2024-10-03,,2024-10-04,2024-10-04,MySQL,0,
776,Product 776,,,,10,7,2665.27,3053.21,2024-10-03,,2024-10-04,2024-10-04,MySQL,0,
777,Product 777,,,,7,10,3829.12,4468.34,2024-10-03,,2024-10-04,2024-10-04,MySQL,0,
778,Product 778,,,,4,5,6094.02,7095.48,2024-10-03,,2024-10-04,2024-10-04,MySQL,0,
779,Product 779,,,,10,10,689.10,1067.02,2024-10-03,,2024-10-04,2024-10-04,MySQL,0,
780,Product 780,,,,4,7,4296.45,7123.24,2024-10-03,,2024-10-04,2024-10-04,MySQL,0,
781,Product 781,,,,3,4,2627.72,3754.95,2024-10-03,,2024-10-04,2024-10-04,MySQL,0,
782,Product 782,,,,9,6,4309.29,5112.44,2024-10-03,,2024-10-04,2024-10-04,MySQL,0,
783,Product 783,,,,2,2,1671.80,2011.19,2024-10-03,,2024-10-04,2024-10-04,MySQL,0,
784,Product 784,,,,3,4,561.72,851.89,2024-10-03,,2024-10-04,2024-10-04,MySQL,0,
785,Product 785,,,,2,9,617.90,944.60,2024-10-03,,2024-10-04,2024-10-04,MySQL,0,
786,Product 786,,,,4,10,2408.46,3206.44,2024-10-03,,2024-10-04,2024-10-04,MySQL,0,
787,Product 787,,,,5,5,3664.49,5667.15,2024-10-03,,2024-10-04,2024-10-04,MySQL,0,
788,Product 788,,,,1,4,6689.73,9766.98,2024-10-03,,2024-10-04,2024-10-04,MySQL,0,
789,Product 789,,,,10,7,4520.33,5826.17,2024-10-03,,2024-10-04,2024-10-04,MySQL,0,
790,Product 790,,,,7,6,4872.79,5496.18,2024-10-03,,2024-10-04,2024-10-04,MySQL,0,
791,Product 791,,,,1,7,7519.29,8478.40,2024-10-03,,2024-10-04,2024-10-04,MySQL,0,
792,Product 792,,,,10,10,2572.75,3263.86,2024-10-03,,2024-10-04,2024-10-04,MySQL,0,
793,Product 793,,,,9,1,5159.02,7786.46,2024-10-03,,2024-10-04,2024-10-04,MySQL,0,
794,Product 794,,,,6,3,2318.18,3247.16,2024-10-03,,2024-10-04,2024-10-04,MySQL,0,
795,Product 795,,,,8,10,4838.97,5707.85,2024-10-03,,2024-10-04,2024-10-04,MySQL,0,
796,Product 796,,,,8,9,991.38,1291.56,2024-10-03,,2024-10-04,2024-10-04,MySQL,0,
797,Product 797,,,,6,4,2145.05,3503.15,2024-10-03,,2024-10-04,2024-10-04,MySQL,0,
798,Product 798,,,,4,5,5778.67,6597.30,2024-10-03,,2024-10-04,2024-10-04,MySQL,0,
799,Product 799,,,,7,7,5180.44,6815.83,2024-10-03,,2024-10-04,2024-10-04,MySQL,0,
800,Product 800,,,,4,8,4337.30,6522.26,2024-10-03,,2024-10-04,2024-10-04,MySQL,0,
801,Product 801,,,,1,1,1533.90,2499.61,2024-10-03,,2024-10-04,2024-10-04,MySQL,0,
802,Product 802,,,,7,8,265.04,357.98,2024-10-03,,2024-10-04,2024-10-04,MySQL,0,
803,Product 803,,,,9,9,110.84,151.25,2024-10-03,,2024-10-04,2024-10-04,MySQL,0,
804,Product 804,,,,4,2,4482.60,5890.28,2024-10-03,,2024-10-04,2024-10-04,MySQL,0,
805,Product 805,,,,8,3,5716.93,7875.73,2024-10-03,,2024-10-04,2024-10-04,MySQL,0,
806,Product 806,,,,9,7,5721.42,6986.01,2024-10-03,,2024-10-04,2024-10-04,MySQL,0,
807,Product 807,,,,8,4,7766.55,9460.43,2024-10-03,,2024-10-04,2024-10-04,MySQL,0,
808,Product 808,,,,2,10,2961.82,3660.72,2024-10-03,,2024-10-04,2024-10-04,MySQL,0,
809,Product 809,,,,3,8,2283.86,2701.54,2024-10-03,,2024-10-04,2024-10-04,MySQL,0,
810,Product 810,,,,5,7,4680.79,6115.46,2024-10-03,,2024-10-04,2024-10-04,MySQL,0,
811,Product 811,,,,3,5,4644.05,7098.40,2024-10-03,,2024-10-04,2024-10-04,MySQL,0,
812,Product 812,,,,7,6,7706.45,9861.17,2024-10-03,,2024-10-04,2024-10-04,MySQL,0,
813,Product 813,,,,7,5,1712.00,2171.75,2024-10-03,,2024-10-04,2024-10-04,MySQL,0,
814,Product 814,,,,4,5,191.98,253.51,2024-10-03,,2024-10-04,2024-10-04,MySQL,0,
815,Product 815,,,,9,3,7651.46,8589.44,2024-10-03,,2024-10-04,2024-10-04,MySQL,0,
816,Product 816,,,,9,10,4884.69,8110.08,2024-10-03,,2024-10-04,2024-10-04,MySQL,0,
817,Product 817,,,,2,4,2546.75,2883.73,2024-10-03,,2024-10-04,2024-10-04,MySQL,0,
818,Product 818,,,,4,8,2785.50,4192.70,2024-10-03,,2024-10-04,2024-10-04,MySQL,0,
819,Product 819,,,,6,1,2175.74,3187.38,2024-10-03,,2024-10-04,2024-10-04,MySQL,0,
820,Product 820,,,,6,1,5723.87,8159.25,2024-10-03,,2024-10-04,2024-10-04,MySQL,0,
821,Product 821,,,,10,6,6360.84,8742.61,2024-10-03,,2024-10-04,2024-10-04,MySQL,0,
822,Product 822,,,,2,3,6172.89,9845.99,2024-10-03,,2024-10-04,2024-10-04,MySQL,0,
823,Product 823,,,,4,10,2978.01,3874.88,2024-10-03,,2024-10-04,2024-10-04,MySQL,0,
824,Product 824,,,,7,6,5043.58,8270.87,2024-10-03,,2024-10-04,2024-10-04,MySQL,0,
825,Product 825,,,,9,8,1979.44,2265.75,2024-10-03,,2024-10-04,2024-10-04,MySQL,0,
826,Product 826,,,,9,3,6105.15,6936.85,2024-10-03,,2024-10-04,2024-10-04,MySQL,0,
827,Product 827,,,,7,2,1293.79,2039.77,2024-10-03,,2024-10-04,2024-10-04,MySQL,0,
828,Product 828,,,,8,4,1205.53,1411.64,2024-10-03,,2024-10-04,2024-10-04,MySQL,0,
829,Product 829,,,,7,4,5810.09,8185.09,2024-10-03,,2024-10-04,2024-10-04,MySQL,0,
830,Product 830,,,,9,4,8779.23,9844.43,2024-10-03,,2024-10-04,2024-10-04,MySQL,0,
831,Product 831,,,,6,3,3919.33,4723.54,2024-10-03,,2024-10-04,2024-10-04,MySQL,0,
832,Product 832,,,,9,1,2009.41,3243.23,2024-10-03,,2024-10-04,2024-10-04,MySQL,0,
833,Product 833,,,,6,10,3830.33,4359.27,2024-10-03,,2024-10-04,2024-10-04,MySQL,0,
834,Product 834,,,,9,8,2549.01,3731.94,2024-10-03,,2024-10-04,2024-10-04,MySQL,0,
835,Product 835,,,,4,10,1519.07,2343.07,2024-10-03,,2024-10-04,2024-10-04,MySQL,0,
836,Product 836,,,,2,3,2414.77,2821.42,2024-10-03,,2024-10-04,2024-10-04,MySQL,0,
837,Product 837,,,,6,3,1247.96,1666.53,2024-10-03,,2024-10-04,2024-10-04,MySQL,0,
838,Product 838,,,,8,6,2368.69,3000.70,2024-10-03,,2024-10-04,2024-10-04,MySQL,0,
839,Product 839,,,,3,4,6306.16,8225.03,2024-10-03,,2024-10-04,2024-10-04,MySQL,0,
840,Product 840,,,,5,6,4240.81,6151.25,2024-10-03,,2024-10-04,2024-10-04,MySQL,0,
841,Product 841,,,,8,7,7704.56,9733.38,2024-10-03,,2024-10-04,2024-10-04,MySQL,0,
842,Product 842,,,,1,3,1211.56,1856.30,2024-10-03,,2024-10-04,2024-10-04,MySQL,0,
843,Product 843,,,,10,8,2851.44,4495.45,2024-10-03,,2024-10-04,2024-10-04,MySQL,0,
844,Product 844,,,,6,8,6236.39,7838.64,2024-10-03,,2024-10-04,2024-10-04,MySQL,0,
845,Product 845,,,,3,6,856.55,1396.06,2024-10-03,,2024-10-04,2024-10-04,MySQL,0,
846,Product 846,,,,3,6,4281.29,6777.04,2024-10-03,,2024-10-04,2024-10-04,MySQL,0,
847,Product 847,,,,5,1,3033.69,3472.43,2024-10-03,,2024-10-04,2024-10-04,MySQL,0,
848,Product 848,,,,5,8,1957.54,2442.66,2024-10-03,,2024-10-04,2024-10-04,MySQL,0,
849,Product 849,,,,9,10,1640.13,2458.97,2024-10-03,,2024-10-04,2024-10-04,MySQL,0,
850,Product 850,,,,3,6,4140.59,5688.85,2024-10-03,,2024-10-04,2024-10-04,MySQL,0,
851,Product 851,,,,10,7,1656.58,2148.84,2024-10-03,,2024-10-04,2024-10-04,MySQL,0,
852,Product 852,,,,8,8,5091.10,8482.90,2024-10-03,,2024-10-04,2024-10-04,MySQL,0,
853,Product 853,,,,3,2,5876.49,7672.64,2024-10-03,,2024-10-04,2024-10-04,MySQL,0,
854,Product 854,,,,5,2,1297.25,1881.66,2024-10-03,,2024-10-04,2024-10-04,MySQL,0,
855,Product 855,,,,10,2,3826.62,4300.48,2024-10-03,,2024-10-04,2024-10-04,MySQL,0,
856,Product 856,,,,9,4,4747.70,6421.18,2024-10-03,,2024-10-04,2024-10-04,MySQL,0,
857,Product 857,,,,4,9,2798.46,4297.18,2024-10-03,,2024-10-04,2024-10-04,MySQL,0,
858,Product 858,,,,10,9,5643.49,8412.39,2024-10-03,,2024-10-04,2024-10-04,MySQL,0,
859,Product 859,,,,10,4,4237.96,6862.00,2024-10-03,,2024-10-04,2024-10-04,MySQL,0,
860,Product 860,,,,2,2,6620.32,8125.52,2024-10-03,,2024-10-04,2024-10-04,MySQL,0,
861,Product 861,,,,7,5,2929.13,3386.18,2024-10-03,,2024-10-04,2024-10-04,MySQL,0,
862,Product 862,,,,10,7,2608.65,4084.99,2024-10-03,,2024-10-04,2024-10-04,MySQL,0,
863,Product 863,,,,8,4,6776.30,7775.67,2024-10-03,,2024-10-04,2024-10-04,MySQL,0,
864,Product 864,,,,1,8,6241.34,7673.10,2024-10-03,,2024-10-04,2024-10-04,MySQL,0,
865,Product 865,,,,8,3,7804.82,9102.56,2024-10-03,,2024-10-04,2024-10-04,MySQL,0,
866,Product 866,,,,8,3,1491.81,1841.99,2024-10-03,,2024-10-04,2024-10-04,MySQL,0,
867,Product 867,,,,6,9,4689.38,6098.14,2024-10-03,,2024-10-04,2024-10-04,MySQL,0,
868,Product 868,,,,7,10,1261.97,2078.39,2024-10-03,,2024-10-04,2024-10-04,MySQL,0,
869,Product 869,,,,5,7,5127.46,8041.29,2024-10-03,,2024-10-04,2024-10-04,MySQL,0,
870,Product 870,,,,4,4,8172.18,9750.47,2024-10-03,,2024-10-04,2024-10-04,MySQL,0,
871,Product 871,,,,1,6,4733.23,5392.55,2024-10-03,,2024-10-04,2024-10-04,MySQL,0,
872,Product 872,,,,1,6,789.67,1141.90,2024-10-03,,2024-10-04,2024-10-04,MySQL,0,
873,Product 873,,,,8,2,4370.24,6455.92,2024-10-03,,2024-10-04,2024-10-04,MySQL,0,
874,Product 874,,,,6,4,3409.41,5361.11,2024-10-03,,2024-10-04,2024-10-04,MySQL,0,
875,Product 875,,,,10,3,3328.66,4333.13,2024-10-03,,2024-10-04,2024-10-04,MySQL,0,
876,Product 876,,,,1,8,944.06,1517.48,2024-10-03,,2024-10-04,2024-10-04,MySQL,0,
877,Product 877,,,,3,9,675.63,1012.80,2024-10-03,,2024-10-04,2024-10-04,MySQL,0,
878,Product 878,,,,8,2,5976.69,6691.47,2024-10-03,,2024-10-04,2024-10-04,MySQL,0,
879,Product 879,,,,10,2,2584.58,3011.90,2024-10-03,,2024-10-04,2024-10-04,MySQL,0,
880,Product 880,,,,9,2,5062.70,7181.37,2024-10-03,,2024-10-04,2024-10-04,MySQL,0,
881,Product 881,,,,5,5,382.00,428.16,2024-10-03,,2024-10-04,2024-10-04,MySQL,0,
882,Product 882,,,,8,4,233.22,335.33,2024-10-03,,2024-10-04,2024-10-04,MySQL,0,
883,Product 883,,,,3,2,5415.14,7692.76,2024-10-03,,2024-10-04,2024-10-04,MySQL,0,
884,Product 884,,,,5,2,414.35,613.67,2024-10-03,,2024-10-04,2024-10-04,MySQL,0,
885,Product 885,,,,5,5,3018.16,4671.06,2024-10-03,,2024-10-04,2024-10-04,MySQL,0,
886,Product 886,,,,5,3,852.23,1085.28,2024-10-03,,2024-10-04,2024-10-04,MySQL,0,
887,Product 887,,,,10,4,5670.69,7673.89,2024-10-03,,2024-10-04,2024-10-04,MySQL,0,
888,Product 888,,,,1,7,4828.29,6047.52,2024-10-03,,2024-10-04,2024-10-04,MySQL,0,
889,Product 889,,,,6,5,7762.60,9114.22,2024-10-03,,2024-10-04,2024-10-04,MySQL,0,
890,Product 890,,,,9,8,545.10,715.32,2024-10-03,,2024-10-04,2024-10-04,MySQL,0,
891,Product 891,,,,8,4,1567.10,2251.58,2024-10-03,,2024-10-04,2024-10-04,MySQL,0,
892,Product 892,,,,8,10,210.84,338.94,2024-10-03,,2024-10-04,2024-10-04,MySQL,0,
893,Product 893,,,,2,4,1420.86,1947.91,2024-10-03,,2024-10-04,2024-10-04,MySQL,0,
894,Product 894,,,,4,7,6196.88,9485.36,2024-10-03,,2024-10-04,2024-10-04,MySQL,0,
895,Product 895,,,,1,3,1259.19,2081.68,2024-10-03,,2024-10-04,2024-10-04,MySQL,0,
896,Product 896,,,,9,1,3749.61,5959.42,2024-10-03,,2024-10-04,2024-10-04,MySQL,0,
897,Product 897,,,,4,1,6437.49,8689.92,2024-10-03,,2024-10-04,2024-10-04,MySQL,0,
898,Product 898,,,,3,1,5875.13,8540.41,2024-10-03,,2024-10-04,2024-10-04,MySQL,0,
899,Product 899,,,,7,7,2956.82,3722.94,2024-10-03,,2024-10-04,2024-10-04,MySQL,0,
900,Product 900,,,,1,9,4453.49,6847.13,2024-10-03,,2024-10-04,2024-10-04,MySQL,0,
901,Product 901,,,,5,8,7859.13,8874.43,2024-10-03,,2024-10-04,2024-10-04,MySQL,0,
902,Product 902,,,,1,3,5491.62,8990.91,2024-10-03,,2024-10-04,2024-10-04,MySQL,0,
903,Product 903,,,,10,3,1320.90,2008.45,2024-10-03,,2024-10-04,2024-10-04,MySQL,0,
904,Product 904,,,,3,10,8300.88,9896.70,2024-10-03,,2024-10-04,2024-10-04,MySQL,0,
905,Product 905,,,,1,4,6365.59,7091.74,2024-10-03,,2024-10-04,2024-10-04,MySQL,0,
906,Product 906,,,,5,8,8.14,13.10,2024-10-03,,2024-10-04,2024-10-04,MySQL,0,
907,Product 907,,,,10,2,3658.97,5969.14,2024-10-03,,2024-10-04,2024-10-04,MySQL,0,
908,Product 908,,,,2,3,3011.12,4695.37,2024-10-03,,2024-10-04,2024-10-04,MySQL,0,
909,Product 909,,,,6,2,382.28,481.49,2024-10-03,,2024-10-04,2024-10-04,MySQL,0,
910,Product 910,,,,9,2,3713.96,5180.56,2024-10-03,,2024-10-04,2024-10-04,MySQL,0,
911,Product 911,,,,6,8,3255.51,4269.96,2024-10-03,,2024-10-04,2024-10-04,MySQL,0,
912,Product 912,,,,8,4,932.24,1518.51,2024-10-03,,2024-10-04,2024-10-04,MySQL,0,
913,Product 913,,,,6,8,6233.71,9732.85,2024-10-03,,2024-10-04,2024-10-04,MySQL,0,
914,Product 914,,,,8,3,2292.13,2791.90,2024-10-03,,2024-10-04,2024-10-04,MySQL,0,
915,Product 915,,,,2,9,3207.59,3599.14,2024-10-03,,2024-10-04,2024-10-04,MySQL,0,
916,Product 916,,,,6,10,4086.18,6501.24,2024-10-03,,2024-10-04,2024-10-04,MySQL,0,
917,Product 917,,,,5,8,1686.29,2290.46,2024-10-03,,2024-10-04,2024-10-04,MySQL,0,
918,Product 918,,,,3,3,4065.72,5188.38,2024-10-03,,2024-10-04,2024-10-04,MySQL,0,
919,Product 919,,,,8,10,3334.53,4846.20,2024-10-03,,2024-10-04,2024-10-04,MySQL,0,
920,Product 920,,,,1,8,956.31,1155.64,2024-10-03,,2024-10-04,2024-10-04,MySQL,0,
921,Product 921,,,,5,4,5669.84,9428.52,2024-10-03,,2024-10-04,2024-10-04,MySQL,0,
922,Product 922,,,,8,2,8186.44,9357.31,2024-10-03,,2024-10-04,2024-10-04,MySQL,0,
923,Product 923,,,,4,2,6605.72,9631.72,2024-10-03,,2024-10-04,2024-10-04,MySQL,0,
924,Product 924,,,,7,4,182.71,258.48,2024-10-03,,2024-10-04,2024-10-04,MySQL,0,
925,Product 925,,,,8,4,6232.88,8545.00,2024-10-03,,2024-10-04,2024-10-04,MySQL,0,
926,Product 926,,,,1,1,6316.40,9398.86,2024-10-03,,2024-10-04,2024-10-04,MySQL,0,
927,Product 927,,,,2,9,4409.92,5833.92,2024-10-03,,2024-10-04,2024-10-04,MySQL,0,
928,Product 928,,,,9,4,5495.37,7000.83,2024-10-03,,2024-10-04,2024-10-04,MySQL,0,
929,Product 929,,,,2,4,946.32,1481.10,2024-10-03,,2024-10-04,2024-10-04,MySQL,0,
930,Product 930,,,,4,7,2313.18,2650.08,2024-10-03,,2024-10-04,2024-10-04,MySQL,0,
931,Product 931,,,,10,2,4586.62,5202.72,2024-10-03,,2024-10-04,2024-10-04,MySQL,0,
932,Product 932,,,,1,9,1191.66,1908.33,2024-10-03,,2024-10-04,2024-10-04,MySQL,0,
933,Product 933,,,,10,7,554.61,845.39,2024-10-03,,2024-10-04,2024-10-04,MySQL,0,
934,Product 934,,,,7,4,1792.83,2011.70,2024-10-03,,2024-10-04,2024-10-04,MySQL,0,
935,Product 935,,,,1,10,1004.27,1132.68,2024-10-03,,2024-10-04,2024-10-04,MySQL,0,
936,Product 936,,,,7,1,3640.97,4965.50,2024-10-03,,2024-10-04,2024-10-04,MySQL,0,
937,Product 937,,,,5,2,1344.48,1770.98,2024-10-03,,2024-10-04,2024-10-04,MySQL,0,
938,Product 938,,,,2,2,2298.62,2578.50,2024-10-03,,2024-10-04,2024-10-04,MySQL,0,
939,Product 939,,,,4,1,3799.30,5032.17,2024-10-03,,2024-10-04,2024-10-04,MySQL,0,
940,Product 940,,,,4,6,6350.31,8051.85,2024-10-03,,2024-10-04,2024-10-04,MySQL,0,
941,Product 941,,,,8,7,3186.28,4352.62,2024-10-03,,2024-10-04,2024-10-04,MySQL,0,
942,Product 942,,,,3,8,2393.23,3299.39,2024-10-03,,2024-10-04,2024-10-04,MySQL,0,
943,Product 943,,,,4,9,7288.15,9606.71,2024-10-03,,2024-10-04,2024-10-04,MySQL,0,
944,Product 944,,,,5,5,2810.73,3665.07,2024-10-03,,2024-10-04,2024-10-04,MySQL,0,
945,Product 945,,,,8,10,2580.02,3639.90,2024-10-03,,2024-10-04,2024-10-04,MySQL,0,
946,Product 946,,,,8,2,4450.07,6617.37,2024-10-03,,2024-10-04,2024-10-04,MySQL,0,
947,Product 947,,,,8,6,5748.16,8423.14,2024-10-03,,2024-10-04,2024-10-04,MySQL,0,
948,Product 948,,,,6,2,3884.70,5947.56,2024-10-03,,2024-10-04,2024-10-04,MySQL,0,
949,Product 949,,,,10,5,6941.29,9880.01,2024-10-03,,2024-10-04,2024-10-04,MySQL,0,
950,Product 950,,,,10,6,5022.39,7806.19,2024-10-03,,2024-10-04,2024-10-04,MySQL,0,
951,Product 951,,,,3,1,3409.02,3789.09,2024-10-03,,2024-10-04,2024-10-04,MySQL,0,
952,Product 952,,,,5,8,4038.84,6453.76,2024-10-03,,2024-10-04,2024-10-04,MySQL,0,
953,Product 953,,,,10,5,1583.52,1849.01,2024-10-03,,2024-10-04,2024-10-04,MySQL,0,
954,Product 954,,,,2,7,5817.27,8876.27,2024-10-03,,2024-10-04,2024-10-04,MySQL,0,
955,Product 955,,,,7,1,279.28,393.96,2024-10-03,,2024-10-04,2024-10-04,MySQL,0,
956,Product 956,,,,9,3,6909.02,8925.88,2024-10-03,,2024-10-04,2024-10-04,MySQL,0,
957,Product 957,,,,6,4,5524.49,7321.79,2024-10-03,,2024-10-04,2024-10-04,MySQL,0,
958,Product 958,,,,4,5,8477.66,9813.75,2024-10-03,,2024-10-04,2024-10-04,MySQL,0,
959,Product 959,,,,6,5,5633.00,7007.22,2024-10-03,,2024-10-04,2024-10-04,MySQL,0,
960,Product 960,,,,10,2,4151.96,4977.51,2024-10-03,,2024-10-04,2024-10-04,MySQL,0,
961,Product 961,,,,7,3,2635.39,3535.43,2024-10-03,,2024-10-04,2024-10-04,MySQL,0,
962,Product 962,,,,5,4,1449.74,1744.76,2024-10-03,,2024-10-04,2024-10-04,MySQL,0,
963,Product 963,,,,8,6,4813.61,7103.31,2024-10-03,,2024-10-04,2024-10-04,MySQL,0,
964,Product 964,,,,2,3,3116.27,4359.96,2024-10-03,,2024-10-04,2024-10-04,MySQL,0,
965,Product 965,,,,8,7,3540.79,4345.41,2024-10-03,,2024-10-04,2024-10-04,MySQL,0,
966,Product 966,,,,9,4,4347.72,5904.96,2024-10-03,,2024-10-04,2024-10-04,MySQL,0,
967,Product 967,,,,9,6,4169.70,6278.07,2024-10-03,,2024-10-04,2024-10-04,MySQL,0,
968,Product 968,,,,7,7,6496.03,9063.34,2024-10-03,,2024-10-04,2024-10-04,MySQL,0,
969,Product 969,,,,3,7,6764.44,9849.34,2024-10-03,,2024-10-04,2024-10-04,MySQL,0,
970,Product 970,,,,10,2,1545.81,1793.58,2024-10-03,,2024-10-04,2024-10-04,MySQL,0,
971,Product 971,,,,4,6,2232.00,2957.55,2024-10-03,,2024-10-04,2024-10-04,MySQL,0,
972,Product 972,,,,10,4,7319.55,8781.90,2024-10-03,,2024-10-04,2024-10-04,MySQL,0,
973,Product 973,,,,4,3,4766.38,7473.43,2024-10-03,,2024-10-04,2024-10-04,MySQL,0,
974,Product 974,,,,7,5,5471.70,7414.43,2024-10-03,,2024-10-04,2024-10-04,MySQL,0,
975,Product 975,,,,2,9,4990.63,7204.90,2024-10-03,,2024-10-04,2024-10-04,MySQL,0,
976,Product 976,,,,4,10,8321.98,9916.89,2024-10-03,,2024-10-04,2024-10-04,MySQL,0,
977,Product 977,,,,1,4,3382.91,4741.70,2024-10-03,,2024-10-04,2024-10-04,MySQL,0,
978,Product 978,,,,2,8,3126.46,4211.71,2024-10-03,,2024-10-04,2024-10-04,MySQL,0,
979,Product 979,,,,6,8,2912.79,4215.25,2024-10-03,,2024-10-04,2024-10-04,MySQL,0,
980,Product 980,,,,3,3,3353.86,4627.39,2024-10-03,,2024-10-04,2024-10-04,MySQL,0,
981,Product 981,,,,3,8,5278.24,8513.54,2024-10-03,,2024-10-04,2024-10-04,MySQL,0,
982,Product 982,,,,9,4,5477.37,6777.59,2024-10-03,,2024-10-04,2024-10-04,MySQL,0,
983,Product 983,,,,8,4,4518.96,6074.27,2024-10-03,,2024-10-04,2024-10-04,MySQL,0,
984,Product 984,,,,4,8,1333.93,1835.84,2024-10-03,,2024-10-04,2024-10-04,MySQL,0,
985,Product 985,,,,3,5,5793.00,7773.71,2024-10-03,,2024-10-04,2024-10-04,MySQL,0,
986,Product 986,,,,1,3,4990.54,7769.74,2024-10-03,,2024-10-04,2024-10-04,MySQL,0,
987,Product 987,,,,5,10,5732.87,7437.19,2024-10-03,,2024-10-04,2024-10-04,MySQL,0,
988,Product 988,,,,9,5,6018.70,6872.65,2024-10-03,,2024-10-04,2024-10-04,MySQL,0,
989,Product 989,,,,9,4,909.53,1106.04,2024-10-03,,2024-10-04,2024-10-04,MySQL,0,
990,Product 990,,,,3,5,1452.57,1908.42,2024-10-03,,2024-10-04,2024-10-04,MySQL,0,
991,Product 991,,,,1,5,3059.76,4140.58,2024-10-03,,2024-10-04,2024-10-04,MySQL,0,
992,Product 992,,,,1,4,3868.34,4906.77,2024-10-03,,2024-10-04,2024-10-04,MySQL,0,
993,Product 993,,,,4,6,4486.04,6737.15,2024-10-03,,2024-10-04,2024-10-04,MySQL,0,
994,Product 994,,,,1,8,6536.08,7698.37,2024-10-03,,2024-10-04,2024-10-04,MySQL,0,
995,Product 995,,,,8,7,2028.67,3097.38,2024-10-03,,2024-10-04,2024-10-04,MySQL,0,
996,Product 996,,,,3,4,4793.88,6881.21,2024-10-03,,2024-10-04,2024-10-04,MySQL,0,
997,Product 997,,,,5,3,6871.52,9163.67,2024-10-03,,2024-10-04,2024-10-04,MySQL,0,
998,Product 998,,,,8,9,3115.35,5132.88,2024-10-03,,2024-10-04,2024-10-04,MySQL,0,
999,Product 999,,,,9,5,1583.93,1928.70,2024-10-03,,2024-10-04,2024-10-04,MySQL,0,
1000,Product 1000,,,,1,8,1016.15,1185.20,2024-10-03,,2024-10-04,2024-10-04,MySQL,0,
1001,Product 1001,,,,8,2,1970.41,2680.24,2024-10-03,,2024-10-04,2024-10-04,MySQL,0,
1002,Product 1002,,,,9,5,7683.95,9743.43,2024-10-03,,2024-10-04,2024-10-04,MySQL,0,
1003,Product 1003,,,,5,9,1613.50,2017.58,2024-10-03,,2024-10-04,2024-10-04,MySQL,0,
1004,Product 1004,,,,4,3,2634.56,3139.32,2024-10-03,,2024-10-04,2024-10-04,MySQL,0,
1005,Product 1005,,,,10,4,2165.82,2901.86,2024-10-03,,2024-10-04,2024-10-04,MySQL,0,
1006,Product 1006,,,,4,2,2293.32,3616.40,2024-10-03,,2024-10-04,2024-10-04,MySQL,0,
1007,Product 1007,,,,2,5,320.98,405.67,2024-10-03,,2024-10-04,2024-10-04,MySQL,0,
1008,Product 1008,,,,8,8,6990.39,8985.98,2024-10-03,,2024-10-04,2024-10-04,MySQL,0,
1009,Product 1009,,,,3,1,6151.61,8591.14,2024-10-03,,2024-10-04,2024-10-04,MySQL,0,
1010,Product 1010,,,,7,1,2286.97,2906.19,2024-10-03,,2024-10-04,2024-10-04,MySQL,0,
1011,Product 1011,,,,6,4,6012.15,7810.82,2024-10-03,,2024-10-04,2024-10-04,MySQL,0,
1012,Product 1012,,,,7,6,4820.05,7744.90,2024-10-03,,2024-10-04,2024-10-04,MySQL,0,
1013,Product 1013,,,,10,7,5076.20,6417.42,2024-10-03,,2024-10-04,2024-10-04,MySQL,0,
1014,Product 1014,,,,6,9,4885.72,6016.62,2024-10-03,,2024-10-04,2024-10-04,MySQL,0,
1015,Product 1015,,,,9,3,677.57,896.69,2024-10-03,,2024-10-04,2024-10-04,MySQL,0,
1016,Product 1016,,,,6,8,2944.35,4354.64,2024-10-03,,2024-10-04,2024-10-04,MySQL,0,
1017,Product 1017,,,,2,2,821.39,1161.40,2024-10-03,,2024-10-04,2024-10-04,MySQL,0,
1018,Product 1018,,,,8,9,3599.20,4212.05,2024-10-03,,2024-10-04,2024-10-04,MySQL,0,
1019,Product 1019,,,,4,8,2465.04,3257.20,2024-10-03,,2024-10-04,2024-10-04,MySQL,0,
1020,Product 1020,,,,8,1,2474.92,2859.66,2024-10-03,,2024-10-04,2024-10-04,MySQL,0,
1021,Product 1021,,,,9,8,855.69,1390.62,2024-10-03,,2024-10-04,2024-10-04,MySQL,0,
1022,Product 1022,,,,9,4,6614.91,7531.99,2024-10-03,,2024-10-04,2024-10-04,MySQL,0,
1023,Product 1023,,,,2,10,4444.83,6656.09,2024-10-03,,2024-10-04,2024-10-04,MySQL,0,
1024,Product 1024,,,,1,6,5674.51,8701.33,2024-10-03,,2024-10-04,2024-10-04,MySQL,0,
1025,Product 1025,,,,7,10,4729.85,5848.91,2024-10-03,,2024-10-04,2024-10-04,MySQL,0,
1026,Product 1026,,,,5,6,5454.07,8267.31,2024-10-03,,2024-10-04,2024-10-04,MySQL,0,
1027,Product 1027,,,,5,8,1103.38,1532.27,2024-10-03,,2024-10-04,2024-10-04,MySQL,0,
1028,Product 1028,,,,6,6,1046.63,1531.14,2024-10-03,,2024-10-04,2024-10-04,MySQL,0,
1029,Product 1029,,,,7,10,3636.71,4133.83,2024-10-03,,2024-10-04,2024-10-04,MySQL,0,
1030,Product 1030,,,,6,3,1944.59,2993.86,2024-10-03,,2024-10-04,2024-10-04,MySQL,0,
1031,Product 1031,,,,5,10,6602.14,9042.80,2024-10-03,,2024-10-04,2024-10-04,MySQL,0,
1032,Product 1032,,,,6,6,134.45,165.48,2024-10-03,,2024-10-04,2024-10-04,MySQL,0,
1033,Product 1033,,,,8,4,3923.85,4840.77,2024-10-03,,2024-10-04,2024-10-04,MySQL,0,
1034,Product 1034,,,,1,9,6326.51,9436.47,2024-10-03,,2024-10-04,2024-10-04,MySQL,0,
1035,Product 1035,,,,2,1,6258.00,9816.15,2024-10-03,,2024-10-04,2024-10-04,MySQL,0,
1036,Product 1036,,,,2,6,4859.91,7819.49,2024-10-03,,2024-10-04,2024-10-04,MySQL,0,
1037,Product 1037,,,,1,6,4609.30,7168.07,2024-10-03,,2024-10-04,2024-10-04,MySQL,0,
1038,Product 1038,,,,6,5,1961.89,2216.49,2024-10-03,,2024-10-04,2024-10-04,MySQL,0,
1039,Product 1039,,,,1,3,1014.52,1657.18,2024-10-03,,2024-10-04,2024-10-04,MySQL,0,
1040,Product 1040,,,,7,8,2527.06,3046.25,2024-10-03,,2024-10-04,2024-10-04,MySQL,0,
1041,Product 1041,,,,9,4,4055.21,5345.85,2024-10-03,,2024-10-04,2024-10-04,MySQL,0,
1042,Product 1042,,,,1,10,3836.00,5201.26,2024-10-03,,2024-10-04,2024-10-04,MySQL,0,
1043,Product 1043,,,,5,7,2131.79,3199.17,2024-10-03,,2024-10-04,2024-10-04,MySQL,0,
1044,Product 1044,,,,2,5,6495.60,8342.03,2024-10-03,,2024-10-04,2024-10-04,MySQL,0,
1045,Product 1045,,,,6,6,3032.59,4587.54,2024-10-03,,2024-10-04,2024-10-04,MySQL,0,
1046,Product 1046,,,,3,7,548.44,706.10,2024-10-03,,2024-10-04,2024-10-04,MySQL,0,
1047,Product 1047,,,,6,1,6035.26,7581.92,2024-10-03,,2024-10-04,2024-10-04,MySQL,0,
1048,Product 1048,,,,2,5,4314.74,5036.81,2024-10-03,,2024-10-04,2024-10-04,MySQL,0,
1049,Product 1049,,,,9,6,2176.72,3591.08,2024-10-03,,2024-10-04,2024-10-04,MySQL,0,
1050,Product 1050,,,,1,3,2858.59,4476.20,2024-10-03,,2024-10-04,2024-10-04,MySQL,0,
1051,Product 1051,,,,5,4,5263.04,6941.48,2024-10-03,,2024-10-04,2024-10-04,MySQL,0,
1052,Product 1052,,,,6,9,3330.92,4056.92,2024-10-03,,2024-10-04,2024-10-04,MySQL,0,
1053,Product 1053,,,,6,4,5977.86,9960.12,2024-10-03,,2024-10-04,2024-10-04,MySQL,0,
1054,Product 1054,,,,1,1,1628.71,2210.22,2024-10-03,,2024-10-04,2024-10-04,MySQL,0,
1055,Product 1055,,,,9,9,4663.02,6048.15,2024-10-03,,2024-10-04,2024-10-04,MySQL,0,
1056,Product 1056,,,,1,9,3996.11,4441.09,2024-10-03,,2024-10-04,2024-10-04,MySQL,0,
1057,Product 1057,,,,6,2,1318.06,1671.65,2024-10-03,,2024-10-04,2024-10-04,MySQL,0,
1058,Product 1058,,,,7,4,408.16,652.99,2024-10-03,,2024-10-04,2024-10-04,MySQL,0,
1059,Product 1059,,,,8,10,2727.46,4306.66,2024-10-03,,2024-10-04,2024-10-04,MySQL,0,
1060,Product 1060,,,,6,10,2558.96,4263.99,2024-10-03,,2024-10-04,2024-10-04,MySQL,0,
1061,Product 1061,,,,7,6,1774.59,2800.28,2024-10-03,,2024-10-04,2024-10-04,MySQL,0,
1062,Product 1062,,,,5,5,3608.05,5834.80,2024-10-03,,2024-10-04,2024-10-04,MySQL,0,
1063,Product 1063,,,,6,3,449.22,513.44,2024-10-03,,2024-10-04,2024-10-04,MySQL,0,
1064,Product 1064,,,,5,2,909.46,1385.39,2024-10-03,,2024-10-04,2024-10-04,MySQL,0,
1065,Product 1065,,,,2,1,8235.02,9896.79,2024-10-03,,2024-10-04,2024-10-04,MySQL,0,
1066,Product 1066,,,,2,1,4703.88,5662.52,2024-10-03,,2024-10-04,2024-10-04,MySQL,0,
1067,Product 1067,,,,1,2,1310.12,1688.42,2024-10-03,,2024-10-04,2024-10-04,MySQL,0,
1068,Product 1068,,,,5,7,6561.82,9094.20,2024-10-03,,2024-10-04,2024-10-04,MySQL,0,
1069,Product 1069,,,,7,5,2410.67,3853.98,2024-10-03,,2024-10-04,2024-10-04,MySQL,0,
1070,Product 1070,,,,6,6,3975.61,5806.33,2024-10-03,,2024-10-04,2024-10-04,MySQL,0,
1071,Product 1071,,,,5,1,4331.60,6459.14,2024-10-03,,2024-10-04,2024-10-04,MySQL,0,
1072,Product 1072,,,,6,9,4805.18,7643.06,2024-10-03,,2024-10-04,2024-10-04,MySQL,0,
1073,Product 1073,,,,6,10,1731.96,1981.93,2024-10-03,,2024-10-04,2024-10-04,MySQL,0,
1074,Product 1074,,,,2,2,2493.89,3125.29,2024-10-03,,2024-10-04,2024-10-04,MySQL,0,
1075,Product 1075,,,,4,3,3855.22,6140.09,2024-10-03,,2024-10-04,2024-10-04,MySQL,0,
1076,Product 1076,,,,7,1,1445.04,1810.04,2024-10-03,,2024-10-04,2024-10-04,MySQL,0,
1077,Product 1077,,,,4,6,6230.83,7237.22,2024-10-03,,2024-10-04,2024-10-04,MySQL,0,
1078,Product 1078,,,,1,10,2691.27,3386.57,2024-10-03,,2024-10-04,2024-10-04,MySQL,0,
1079,Product 1079,,,,4,10,2557.46,3411.42,2024-10-03,,2024-10-04,2024-10-04,MySQL,0,
1080,Product 1080,,,,4,3,4213.78,5389.31,2024-10-03,,2024-10-04,2024-10-04,MySQL,0,
1081,Product 1081,,,,6,6,5404.10,8022.11,2024-10-03,,2024-10-04,2024-10-04,MySQL,0,
1082,Product 1082,,,,5,5,3509.54,4217.44,2024-10-03,,2024-10-04,2024-10-04,MySQL,0,
1083,Product 1083,,,,5,5,735.40,1061.01,2024-10-03,,2024-10-04,2024-10-04,MySQL,0,
1084,Product 1084,,,,7,10,1969.20,2202.62,2024-10-03,,2024-10-04,2024-10-04,MySQL,0,
1085,Product 1085,,,,8,5,5887.25,7553.04,2024-10-03,,2024-10-04,2024-10-04,MySQL,0,
1086,Product 1086,,,,9,7,4066.31,4705.65,2024-10-03,,2024-10-04,2024-10-04,MySQL,0,
1087,Product 1087,,,,4,5,5000.23,8311.03,2024-10-03,,2024-10-04,2024-10-04,MySQL,0,
1088,Product 1088,,,,6,1,6200.55,9537.15,2024-10-03,,2024-10-04,2024-10-04,MySQL,0,
1089,Product 1089,,,,5,10,3823.86,5184.83,2024-10-03,,2024-10-04,2024-10-04,MySQL,0,
1090,Product 1090,,,,5,2,4351.13,7122.83,2024-10-03,,2024-10-04,2024-10-04,MySQL,0,
1091,Product 1091,,,,7,3,5099.75,7676.36,2024-10-03,,2024-10-04,2024-10-04,MySQL,0,
1092,Product 1092,,,,4,2,6350.11,9913.72,2024-10-03,,2024-10-04,2024-10-04,MySQL,0,
1093,Product 1093,,,,2,1,3214.76,4062.01,2024-10-03,,2024-10-04,2024-10-04,MySQL,0,
1094,Product 1094,,,,8,7,4122.20,5458.06,2024-10-03,,2024-10-04,2024-10-04,MySQL,0,
1095,Product 1095,,,,3,2,813.67,936.05,2024-10-03,,2024-10-04,2024-10-04,MySQL,0,
1096,Product 1096,,,,3,2,7415.61,9902.85,2024-10-03,,2024-10-04,2024-10-04,MySQL,0,
1097,Product 1097,,,,2,4,4850.02,5937.40,2024-10-03,,2024-10-04,2024-10-04,MySQL,0,
1098,Product 1098,,,,2,5,2571.27,3921.66,2024-10-03,,2024-10-04,2024-10-04,MySQL,0,
1099,Product 1099,,,,5,6,7365.04,9818.42,2024-10-03,,2024-10-04,2024-10-04,MySQL,0,
1100,Product 1100,,,,5,2,2036.83,2266.36,2024-10-03,,2024-10-04,2024-10-04,MySQL,0,
1101,Product 1101,,,,6,5,6251.56,8895.16,2024-10-03,,2024-10-04,2024-10-04,MySQL,0,
1102,Product 1102,,,,1,4,5297.55,7953.70,2024-10-03,,2024-10-04,2024-10-04,MySQL,0,
1103,Product 1103,,,,10,1,212.10,268.21,2024-10-03,,2024-10-04,2024-10-04,MySQL,0,
1104,Product 1104,,,,1,2,8579.27,9668.92,2024-10-03,,2024-10-04,2024-10-04,MySQL,0,
1105,Product 1105,,,,8,5,5762.40,8423.11,2024-10-03,,2024-10-04,2024-10-04,MySQL,0,
1106,Product 1106,,,,3,10,1350.27,2182.82,2024-10-03,,2024-10-04,2024-10-04,MySQL,0,
1107,Product 1107,,,,2,7,2133.95,3445.12,2024-10-03,,2024-10-04,2024-10-04,MySQL,0,
1108,Product 1108,,,,9,6,4475.53,6481.77,2024-10-03,,2024-10-04,2024-10-04,MySQL,0,
1109,Product 1109,,,,8,10,1843.69,2699.89,2024-10-03,,2024-10-04,2024-10-04,MySQL,0,
1110,Product 1110,,,,2,9,4094.98,6573.58,2024-10-03,,2024-10-04,2024-10-04,MySQL,0,
1111,Product 1111,,,,4,7,5715.53,9456.12,2024-10-03,,2024-10-04,2024-10-04,MySQL,0,
1112,Product 1112,,,,2,7,354.16,526.91,2024-10-03,,2024-10-04,2024-10-04,MySQL,0,
1113,Product 1113,,,,1,3,903.57,1089.76,2024-10-03,,2024-10-04,2024-10-04,MySQL,0,
1114,Product 1114,,,,8,3,1849.97,2702.65,2024-10-03,,2024-10-04,2024-10-04,MySQL,0,
1115,Product 1115,,,,6,1,2318.75,2778.16,2024-10-03,,2024-10-04,2024-10-04,MySQL,0,
1116,Product 1116,,,,3,8,7312.19,8619.36,2024-10-03,,2024-10-04,2024-10-04,MySQL,0,
1117,Product 1117,,,,7,5,2925.36,3629.77,2024-10-03,,2024-10-04,2024-10-04,MySQL,0,
1118,Product 1118,,,,3,7,2949.66,3909.82,2024-10-03,,2024-10-04,2024-10-04,MySQL,0,
1119,Product 1119,,,,7,8,5495.27,6557.19,2024-10-03,,2024-10-04,2024-10-04,MySQL,0,
1120,Product 1120,,,,1,8,1712.26,2218.20,2024-10-03,,2024-10-04,2024-10-04,MySQL,0,
1121,Product 1121,,,,1,1,2005.93,2244.51,2024-10-03,,2024-10-04,2024-10-04,MySQL,0,
1122,Product 1122,,,,6,2,4793.45,7244.55,2024-10-03,,2024-10-04,2024-10-04,MySQL,0,
1123,Product 1123,,,,7,2,3806.60,5429.05,2024-10-03,,2024-10-04,2024-10-04,MySQL,0,
1124,Product 1124,,,,8,2,3179.08,3857.68,2024-10-03,,2024-10-04,2024-10-04,MySQL,0,
1125,Product 1125,,,,5,5,5261.60,8015.39,2024-10-03,,2024-10-04,2024-10-04,MySQL,0,
1126,Product 1126,,,,2,8,5740.18,6997.58,2024-10-03,,2024-10-04,2024-10-04,MySQL,0,
1127,Product 1127,,,,4,10,3887.13,5315.73,2024-10-03,,2024-10-04,2024-10-04,MySQL,0,
1128,Product 1128,,,,8,6,6542.02,9514.62,2024-10-03,,2024-10-04,2024-10-04,MySQL,0,
1129,Product 1129,,,,7,3,6018.49,6808.19,2024-10-03,,2024-10-04,2024-10-04,MySQL,0,
1130,Product 1130,,,,3,1,6969.98,9669.34,2024-10-03,,2024-10-04,2024-10-04,MySQL,0,
1131,Product 1131,,,,6,6,3913.29,6119.10,2024-10-03,,2024-10-04,2024-10-04,MySQL,0,
1132,Product 1132,,,,3,10,2610.43,4289.38,2024-10-03,,2024-10-04,2024-10-04,MySQL,0,
1133,Product 1133,,,,2,3,571.93,867.19,2024-10-03,,2024-10-04,2024-10-04,MySQL,0,
1134,Product 1134,,,,7,1,1117.39,1714.52,2024-10-03,,2024-10-04,2024-10-04,MySQL,0,
1135,Product 1135,,,,5,10,5620.67,8785.09,2024-10-03,,2024-10-04,2024-10-04,MySQL,0,
1136,Product 1136,,,,1,2,3339.20,4712.01,2024-10-03,,2024-10-04,2024-10-04,MySQL,0,
1137,Product 1137,,,,8,4,6810.27,9620.95,2024-10-03,,2024-10-04,2024-10-04,MySQL,0,
1138,Product 1138,,,,6,10,4899.06,6522.00,2024-10-03,,2024-10-04,2024-10-04,MySQL,0,
1139,Product 1139,,,,10,10,4844.73,7014.70,2024-10-03,,2024-10-04,2024-10-04,MySQL,0,
1140,Product 1140,,,,2,7,4272.20,5719.36,2024-10-03,,2024-10-04,2024-10-04,MySQL,0,
1141,Product 1141,,,,2,4,1718.58,2446.91,2024-10-03,,2024-10-04,2024-10-04,MySQL,0,
1142,Product 1142,,,,4,6,3683.86,5070.64,2024-10-03,,2024-10-04,2024-10-04,MySQL,0,
1143,Product 1143,,,,9,1,7253.24,9613.99,2024-10-03,,2024-10-04,2024-10-04,MySQL,0,
1144,Product 1144,,,,8,1,2775.43,4076.78,2024-10-03,,2024-10-04,2024-10-04,MySQL,0,
1145,Product 1145,,,,6,5,4310.80,5737.03,2024-10-03,,2024-10-04,2024-10-04,MySQL,0,
1146,Product 1146,,,,8,4,5919.27,9041.76,2024-10-03,,2024-10-04,2024-10-04,MySQL,0,
1147,Product 1147,,,,7,3,1978.42,3274.61,2024-10-03,,2024-10-04,2024-10-04,MySQL,0,
1148,Product 1148,,,,8,7,3400.99,4954.78,2024-10-03,,2024-10-04,2024-10-04,MySQL,0,
1149,Product 1149,,,,10,10,7417.27,9655.60,2024-10-03,,2024-10-04,2024-10-04,MySQL,0,
1150,Product 1150,,,,4,4,4057.39,5704.80,2024-10-03,,2024-10-04,2024-10-04,MySQL,0,
1151,Product 1151,,,,5,2,5677.09,8682.88,2024-10-03,,2024-10-04,2024-10-04,MySQL,0,
1152,Product 1152,,,,8,1,1844.41,2057.34,2024-10-03,,2024-10-04,2024-10-04,MySQL,0,
1153,Product 1153,,,,5,7,826.58,1127.68,2024-10-03,,2024-10-04,2024-10-04,MySQL,0,
1154,Product 1154,,,,2,1,2817.59,3224.27,2024-10-03,,2024-10-04,2024-10-04,MySQL,0,
1155,Product 1155,,,,2,4,6264.78,7434.65,2024-10-03,,2024-10-04,2024-10-04,MySQL,0,
1156,Product 1156,,,,6,3,2673.14,3008.37,2024-10-03,,2024-10-04,2024-10-04,MySQL,0,
1157,Product 1157,,,,9,5,1356.63,2034.71,2024-10-03,,2024-10-04,2024-10-04,MySQL,0,
1158,Product 1158,,,,7,7,4063.94,4869.63,2024-10-03,,2024-10-04,2024-10-04,MySQL,0,
1159,Product 1159,,,,10,4,3107.07,3789.10,2024-10-03,,2024-10-04,2024-10-04,MySQL,0,
1160,Product 1160,,,,4,5,1121.19,1296.88,2024-10-03,,2024-10-04,2024-10-04,MySQL,0,
1161,Product 1161,,,,1,2,1896.55,2351.50,2024-10-03,,2024-10-04,2024-10-04,MySQL,0,
1162,Product 1162,,,,5,5,5901.52,7630.03,2024-10-03,,2024-10-04,2024-10-04,MySQL,0,
1163,Product 1163,,,,9,10,7434.37,8641.25,2024-10-03,,2024-10-04,2024-10-04,MySQL,0,
1164,Product 1164,,,,10,1,4420.90,5353.98,2024-10-03,,2024-10-04,2024-10-04,MySQL,0,
1165,Product 1165,,,,7,9,3406.48,4894.26,2024-10-03,,2024-10-04,2024-10-04,MySQL,0,
1166,Product 1166,,,,1,4,1796.64,2528.22,2024-10-03,,2024-10-04,2024-10-04,MySQL,0,
1167,Product 1167,,,,9,4,3745.66,5784.39,2024-10-03,,2024-10-04,2024-10-04,MySQL,0,
1168,Product 1168,,,,8,10,3891.12,5100.79,2024-10-03,,2024-10-04,2024-10-04,MySQL,0,
1169,Product 1169,,,,9,3,7769.92,9120.05,2024-10-03,,2024-10-04,2024-10-04,MySQL,0,
1170,Product 1170,,,,8,3,1071.45,1751.62,2024-10-03,,2024-10-04,2024-10-04,MySQL,0,
1171,Product 1171,,,,9,4,400.38,510.32,2024-10-03,,2024-10-04,2024-10-04,MySQL,0,
1172,Product 1172,,,,9,4,2416.73,2774.69,2024-10-03,,2024-10-04,2024-10-04,MySQL,0,
1173,Product 1173,,,,9,8,1197.95,1524.14,2024-10-03,,2024-10-04,2024-10-04,MySQL,0,
1174,Product 1174,,,,5,9,4121.87,4888.47,2024-10-03,,2024-10-04,2024-10-04,MySQL,0,
1175,Product 1175,,,,8,6,6191.50,9925.93,2024-10-03,,2024-10-04,2024-10-04,MySQL,0,
1176,Product 1176,,,,3,10,6158.47,8746.55,2024-10-03,,2024-10-04,2024-10-04,MySQL,0,
1177,Product 1177,,,,9,4,256.31,365.29,2024-10-03,,2024-10-04,2024-10-04,MySQL,0,
1178,Product 1178,,,,7,4,4392.96,5250.74,2024-10-03,,2024-10-04,2024-10-04,MySQL,0,
1179,Product 1179,,,,10,9,4200.05,6397.43,2024-10-03,,2024-10-04,2024-10-04,MySQL,0,
1180,Product 1180,,,,1,6,6056.51,9568.75,2024-10-03,,2024-10-04,2024-10-04,MySQL,0,
1181,Product 1181,,,,10,1,4444.79,5456.54,2024-10-03,,2024-10-04,2024-10-04,MySQL,0,
1182,Product 1182,,,,6,1,6633.42,8426.06,2024-10-03,,2024-10-04,2024-10-04,MySQL,0,
1183,Product 1183,,,,2,4,1028.27,1369.32,2024-10-03,,2024-10-04,2024-10-04,MySQL,0,
1184,Product 1184,,,,9,9,1394.66,2213.32,2024-10-03,,2024-10-04,2024-10-04,MySQL,0,
1185,Product 1185,,,,5,7,5191.25,6624.62,2024-10-03,,2024-10-04,2024-10-04,MySQL,0,
1186,Product 1186,,,,8,10,3644.38,4097.97,2024-10-03,,2024-10-04,2024-10-04,MySQL,0,
1187,Product 1187,,,,10,3,7012.94,7821.68,2024-10-03,,2024-10-04,2024-10-04,MySQL,0,
1188,Product 1188,,,,2,5,3033.04,3388.61,2024-10-03,,2024-10-04,2024-10-04,MySQL,0,
1189,Product 1189,,,,5,8,2191.72,2858.83,2024-10-03,,2024-10-04,2024-10-04,MySQL,0,
1190,Product 1190,,,,10,2,4265.36,6363.49,2024-10-03,,2024-10-04,2024-10-04,MySQL,0,
1191,Product 1191,,,,6,8,4881.90,6775.57,2024-10-03,,2024-10-04,2024-10-04,MySQL,0,
1192,Product 1192,,,,5,6,6618.87,7940.16,2024-10-03,,2024-10-04,2024-10-04,MySQL,0,
1193,Product 1193,,,,2,6,3908.45,6171.95,2024-10-03,,2024-10-04,2024-10-04,MySQL,0,
1194,Product 1194,,,,2,7,2172.59,3055.62,2024-10-03,,2024-10-04,2024-10-04,MySQL,0,
1195,Product 1195,,,,3,4,893.92,1084.35,2024-10-03,,2024-10-04,2024-10-04,MySQL,0,
1196,Product 1196,,,,9,4,2544.11,3337.25,2024-10-03,,2024-10-04,2024-10-04,MySQL,0,
1197,Product 1197,,,,10,2,3698.16,5199.31,2024-10-03,,2024-10-04,2024-10-04,MySQL,0,
1198,Product 1198,,,,8,4,490.90,731.54,2024-10-03,,2024-10-04,2024-10-04,MySQL,0,
1199,Product 1199,,,,6,3,3271.70,5393.96,2024-10-03,,2024-10-04,2024-10-04,MySQL,0,
1200,Product 1200,,,,8,9,5379.56,7700.95,2024-10-03,,2024-10-04,2024-10-04,MySQL,0,
