order_id,orderDate,total,standardCost,status,isOnline,source_online_id,customer_id,employee_id,store_id,createdDate,updatedDate,insertDate,updateDate,sourceSystem,isProcessed,batchId
43553,2024-10-04,66421.14,46022.81,,1,9,13205,45,52,2024-10-04,,2024-10-04,2024-10-04,MySQL,0,
43554,2024-10-04,59097.15,47355.49,,1,5,10687,80,30,2024-10-04,,2024-10-04,2024-10-04,MySQL,0,
43555,2024-10-04,177505.29,126558.80,,1,2,25825,78,19,2024-10-04,,2024-10-04,2024-10-04,MySQL,0,
43556,2024-10-04,84234.07,58900.21,,1,8,2625,163,14,2024-10-04,,2024-10-04,2024-10-04,MySQL,0,
43557,2024-10-04,13666.59,8390.16,,1,9,1765,183,28,2024-10-04,,2024-10-04,2024-10-04,MySQL,0,
43558,2024-10-04,19178.31,14075.91,,1,1,6550,162,14,2024-10-04,,2024-10-04,2024-10-04,MySQL,0,
43559,2024-10-04,119249.12,87299.50,,1,9,3490,55,31,2024-10-04,,2024-10-04,2024-10-04,MySQL,0,
43560,2024-10-04,56489.10,46532.20,,0,,10911,148,40,2024-10-04,,2024-10-04,2024-10-04,MySQL,0,
43561,2024-10-04,154304.87,123682.52,,0,,9464,186,35,2024-10-04,,2024-10-04,2024-10-04,MySQL,0,
43562,2024-10-04,90233.17,61393.09,,1,7,1035,64,47,2024-10-04,,2024-10-04,2024-10-04,MySQL,0,
43563,2024-10-04,76797.43,51647.89,,1,4,5696,157,4,2024-10-04,,2024-10-04,2024-10-04,MySQL,0,
43564,2024-10-04,51049.38,33320.42,,1,2,25774,182,16,2024-10-04,,2024-10-04,2024-10-04,MySQL,0,
43565,2024-10-04,47778.43,40705.85,,0,,27432,96,8,2024-10-04,,2024-10-04,2024-10-04,MySQL,0,
43566,2024-10-04,104611.74,76884.60,,1,6,12280,32,32,2024-10-04,,2024-10-04,2024-10-04,MySQL,0,
43567,2024-10-04,67391.43,49337.90,,1,9,14717,63,47,2024-10-04,,2024-10-04,2024-10-04,MySQL,0,
43568,2024-10-04,317.42,282.29,,0,,13139,109,33,2024-10-04,,2024-10-04,2024-10-04,MySQL,0,
43569,2024-10-04,35161.86,25909.11,,1,3,1230,173,50,2024-10-04,,2024-10-04,2024-10-04,MySQL,0,
43570,2024-10-04,115278.05,81853.82,,0,,8109,151,41,2024-10-04,,2024-10-04,2024-10-04,MySQL,0,
43571,2024-10-04,111257.26,82388.34,,0,,26932,186,35,2024-10-04,,2024-10-04,2024-10-04,MySQL,0,
43572,2024-10-04,44001.90,35716.18,,1,3,5318,101,22,2024-10-04,,2024-10-04,2024-10-04,MySQL,0,
43573,2024-10-04,122206.00,97939.11,,1,9,4091,64,47,2024-10-04,,2024-10-04,2024-10-04,MySQL,0,
43574,2024-10-04,46381.76,30332.06,,1,8,14711,6,3,2024-10-04,,2024-10-04,2024-10-04,MySQL,0,
43575,2024-10-04,191591.66,134109.13,,0,,10867,170,46,2024-10-04,,2024-10-04,2024-10-04,MySQL,0,
43576,2024-10-04,6005.34,5069.94,,0,,19374,160,5,2024-10-04,,2024-10-04,2024-10-04,MySQL,0,
43577,2024-10-04,59350.47,48309.48,,0,,1802,108,33,2024-10-04,,2024-10-04,2024-10-04,MySQL,0,
43578,2024-10-04,76488.67,51062.94,,1,9,12036,51,21,2024-10-04,,2024-10-04,2024-10-04,MySQL,0,
43579,2024-10-04,59141.44,44473.91,,1,2,23382,44,52,2024-10-04,,2024-10-04,2024-10-04,MySQL,0,
43580,2024-10-04,47387.60,38270.08,,1,5,29204,99,20,2024-10-04,,2024-10-04,2024-10-04,MySQL,0,
43581,2024-10-04,36181.50,28384.00,,0,,4004,53,27,2024-10-04,,2024-10-04,2024-10-04,MySQL,0,
43582,2024-10-04,20263.53,12851.04,,1,2,20702,73,18,2024-10-04,,2024-10-04,2024-10-04,MySQL,0,
43583,2024-10-04,127164.11,87576.91,,1,9,28544,181,16,2024-10-04,,2024-10-04,2024-10-04,MySQL,0,
43584,2024-10-04,52696.22,36552.21,,1,7,24096,162,14,2024-10-04,,2024-10-04,2024-10-04,MySQL,0,
43585,2024-10-04,93208.51,72184.81,,0,,188,38,48,2024-10-04,,2024-10-04,2024-10-04,MySQL,0,
43586,2024-10-04,109119.53,87807.88,,0,,21627,2,2,2024-10-04,,2024-10-04,2024-10-04,MySQL,0,
43587,2024-10-04,143052.76,106006.77,,0,,19757,161,5,2024-10-04,,2024-10-04,2024-10-04,MySQL,0,
43588,2024-10-04,17344.50,15421.74,,1,6,13227,22,15,2024-10-04,,2024-10-04,2024-10-04,MySQL,0,
43589,2024-10-04,132607.09,86593.89,,0,,28747,183,28,2024-10-04,,2024-10-04,2024-10-04,MySQL,0,
43590,2024-10-04,2060.25,1580.37,,1,10,22330,192,38,2024-10-04,,2024-10-04,2024-10-04,MySQL,0,
43591,2024-10-04,110057.63,84893.38,,1,5,29904,2,2,2024-10-04,,2024-10-04,2024-10-04,MySQL,0,
43592,2024-10-04,151199.78,111389.09,,0,,22857,100,22,2024-10-04,,2024-10-04,2024-10-04,MySQL,0,
43593,2024-10-04,3688.37,2479.12,,0,,14879,135,25,2024-10-04,,2024-10-04,2024-10-04,MySQL,0,
43594,2024-10-04,1095.87,768.93,,1,2,25191,197,43,2024-10-04,,2024-10-04,2024-10-04,MySQL,0,
43595,2024-10-04,149402.32,112370.20,,1,1,8045,103,23,2024-10-04,,2024-10-04,2024-10-04,MySQL,0,
43596,2024-10-04,155538.53,113545.75,,1,4,13065,87,54,2024-10-04,,2024-10-04,2024-10-04,MySQL,0,
43597,2024-10-04,127354.53,81652.81,,1,5,12929,143,34,2024-10-04,,2024-10-04,2024-10-04,MySQL,0,
43598,2024-10-04,110115.56,88999.19,,1,3,7355,180,16,2024-10-04,,2024-10-04,2024-10-04,MySQL,0,
43599,2024-10-04,4619.98,3861.62,,1,9,23260,36,42,2024-10-04,,2024-10-04,2024-10-04,MySQL,0,
43600,2024-10-04,15418.34,13784.40,,1,4,23650,190,36,2024-10-04,,2024-10-04,2024-10-04,MySQL,0,
43601,2024-10-04,107201.56,75585.04,,1,3,959,190,36,2024-10-04,,2024-10-04,2024-10-04,MySQL,0,
43602,2024-10-04,4899.00,3756.20,,0,,26699,102,22,2024-10-04,,2024-10-04,2024-10-04,MySQL,0,
43603,2024-10-04,48263.95,31364.75,,0,,18234,175,11,2024-10-04,,2024-10-04,2024-10-04,MySQL,0,
43604,2024-10-04,28029.93,18457.54,,0,,9631,137,26,2024-10-04,,2024-10-04,2024-10-04,MySQL,0,
43605,2024-10-04,131241.79,91921.35,,0,,18234,30,32,2024-10-04,,2024-10-04,2024-10-04,MySQL,0,
43606,2024-10-04,23038.68,18828.44,,0,,18098,74,18,2024-10-04,,2024-10-04,2024-10-04,MySQL,0,
43607,2024-10-04,30163.44,24407.78,,1,3,8930,80,30,2024-10-04,,2024-10-04,2024-10-04,MySQL,0,
43608,2024-10-04,38530.21,25821.44,,0,,9911,194,38,2024-10-04,,2024-10-04,2024-10-04,MySQL,0,
43609,2024-10-04,68715.15,50901.27,,0,,29101,66,51,2024-10-04,,2024-10-04,2024-10-04,MySQL,0,
43610,2024-10-04,52541.66,39324.91,,0,,13957,36,42,2024-10-04,,2024-10-04,2024-10-04,MySQL,0,
43611,2024-10-04,129917.41,90699.81,,1,1,18368,52,27,2024-10-04,,2024-10-04,2024-10-04,MySQL,0,
43612,2024-10-04,5824.65,4343.17,,1,6,12932,196,43,2024-10-04,,2024-10-04,2024-10-04,MySQL,0,
43613,2024-10-04,12892.50,11493.10,,0,,27514,62,47,2024-10-04,,2024-10-04,2024-10-04,MySQL,0,
43614,2024-10-04,126805.30,94108.12,,0,,6354,141,34,2024-10-04,,2024-10-04,2024-10-04,MySQL,0,
43615,2024-10-04,37876.87,27163.71,,0,,23284,113,53,2024-10-04,,2024-10-04,2024-10-04,MySQL,0,
43616,2024-10-04,193053.38,145343.28,,0,,1689,45,52,2024-10-04,,2024-10-04,2024-10-04,MySQL,0,
43617,2024-10-04,112492.04,74979.01,,1,10,20417,54,31,2024-10-04,,2024-10-04,2024-10-04,MySQL,0,
43618,2024-10-04,205442.63,145123.59,,1,10,27360,36,42,2024-10-04,,2024-10-04,2024-10-04,MySQL,0,
43619,2024-10-04,45379.96,39493.51,,0,,4531,149,41,2024-10-04,,2024-10-04,2024-10-04,MySQL,0,
43620,2024-10-04,111337.88,80205.82,,0,,17370,148,40,2024-10-04,,2024-10-04,2024-10-04,MySQL,0,
43621,2024-10-04,47603.24,35504.47,,0,,20138,83,49,2024-10-04,,2024-10-04,2024-10-04,MySQL,0,
43622,2024-10-04,17128.37,12030.06,,1,4,13067,16,9,2024-10-04,,2024-10-04,2024-10-04,MySQL,0,
43623,2024-10-04,101949.69,70015.12,,1,8,8911,153,45,2024-10-04,,2024-10-04,2024-10-04,MySQL,0,
43624,2024-10-04,25327.35,20295.21,,0,,3086,52,27,2024-10-04,,2024-10-04,2024-10-04,MySQL,0,
43625,2024-10-04,40362.20,25493.76,,0,,28611,49,21,2024-10-04,,2024-10-04,2024-10-04,MySQL,0,
43626,2024-10-04,90006.02,76485.96,,1,10,19235,167,44,2024-10-04,,2024-10-04,2024-10-04,MySQL,0,
43627,2024-10-04,132105.15,90249.74,,0,,1615,82,49,2024-10-04,,2024-10-04,2024-10-04,MySQL,0,
43628,2024-10-04,151999.57,105343.48,,0,,19635,184,28,2024-10-04,,2024-10-04,2024-10-04,MySQL,0,
43629,2024-10-04,83157.69,71822.01,,1,6,26013,50,21,2024-10-04,,2024-10-04,2024-10-04,MySQL,0,
43630,2024-10-04,58577.48,36953.37,,0,,25106,73,18,2024-10-04,,2024-10-04,2024-10-04,MySQL,0,
43631,2024-10-04,80639.08,50109.78,,0,,18441,4,2,2024-10-04,,2024-10-04,2024-10-04,MySQL,0,
43632,2024-10-04,173262.67,118912.45,,1,8,27335,52,27,2024-10-04,,2024-10-04,2024-10-04,MySQL,0,
43633,2024-10-04,164860.05,121789.08,,1,4,25405,116,1,2024-10-04,,2024-10-04,2024-10-04,MySQL,0,
43634,2024-10-04,180765.03,127893.35,,1,4,27221,116,1,2024-10-04,,2024-10-04,2024-10-04,MySQL,0,
43635,2024-10-04,90658.98,66819.80,,1,10,8188,114,53,2024-10-04,,2024-10-04,2024-10-04,MySQL,0,
43636,2024-10-04,36764.91,23477.85,,1,1,16094,158,4,2024-10-04,,2024-10-04,2024-10-04,MySQL,0,
43637,2024-10-04,199597.15,146121.56,,1,9,12031,80,30,2024-10-04,,2024-10-04,2024-10-04,MySQL,0,
43638,2024-10-04,121697.52,103676.32,,1,5,19318,159,5,2024-10-04,,2024-10-04,2024-10-04,MySQL,0,
43639,2024-10-04,80102.87,58443.72,,0,,21033,92,6,2024-10-04,,2024-10-04,2024-10-04,MySQL,0,
43640,2024-10-04,109199.44,80514.39,,1,9,30054,94,6,2024-10-04,,2024-10-04,2024-10-04,MySQL,0,
43641,2024-10-04,104539.43,86066.91,,1,6,25359,198,43,2024-10-04,,2024-10-04,2024-10-04,MySQL,0,
43642,2024-10-04,31445.65,25776.65,,1,10,24501,17,13,2024-10-04,,2024-10-04,2024-10-04,MySQL,0,
43643,2024-10-04,121861.31,81090.43,,0,,26262,85,54,2024-10-04,,2024-10-04,2024-10-04,MySQL,0,
43644,2024-10-04,252331.14,195063.34,,1,5,26681,96,8,2024-10-04,,2024-10-04,2024-10-04,MySQL,0,
43645,2024-10-04,218120.70,159366.20,,0,,3071,160,5,2024-10-04,,2024-10-04,2024-10-04,MySQL,0,
43646,2024-10-04,114030.91,80322.43,,1,10,23682,50,21,2024-10-04,,2024-10-04,2024-10-04,MySQL,0,
43647,2024-10-04,43211.97,35253.96,,0,,7758,188,35,2024-10-04,,2024-10-04,2024-10-04,MySQL,0,
43648,2024-10-04,28026.78,21359.10,,0,,8119,112,53,2024-10-04,,2024-10-04,2024-10-04,MySQL,0,
43649,2024-10-04,18049.86,14657.16,,0,,21597,132,25,2024-10-04,,2024-10-04,2024-10-04,MySQL,0,
43650,2024-10-04,2145.96,1635.30,,0,,22672,119,1,2024-10-04,,2024-10-04,2024-10-04,MySQL,0,
43651,2024-10-04,128033.86,88222.66,,0,,20380,21,15,2024-10-04,,2024-10-04,2024-10-04,MySQL,0,
43652,2024-10-04,61393.16,49690.30,,1,1,13254,78,19,2024-10-04,,2024-10-04,2024-10-04,MySQL,0,
43653,2024-10-04,43924.16,37088.83,,1,9,25000,127,24,2024-10-04,,2024-10-04,2024-10-04,MySQL,0,
43654,2024-10-04,56156.94,44342.41,,1,7,5583,165,44,2024-10-04,,2024-10-04,2024-10-04,MySQL,0,
43655,2024-10-04,9357.31,8186.44,,1,9,11416,22,15,2024-10-04,,2024-10-04,2024-10-04,MySQL,0,
43656,2024-10-04,93080.90,64431.87,,1,1,7724,144,37,2024-10-04,,2024-10-04,2024-10-04,MySQL,0,
43657,2024-10-04,54931.80,41434.30,,1,1,22264,111,33,2024-10-04,,2024-10-04,2024-10-04,MySQL,0,
43658,2024-10-04,39362.00,23991.48,,1,7,24010,52,27,2024-10-04,,2024-10-04,2024-10-04,MySQL,0,
43659,2024-10-04,173336.54,121666.07,,0,,5006,58,39,2024-10-04,,2024-10-04,2024-10-04,MySQL,0,
43660,2024-10-04,103814.95,67088.55,,0,,1205,164,14,2024-10-04,,2024-10-04,2024-10-04,MySQL,0,
43661,2024-10-04,63025.92,54163.82,,0,,9838,32,32,2024-10-04,,2024-10-04,2024-10-04,MySQL,0,
43662,2024-10-04,50176.86,32887.20,,1,1,29660,68,51,2024-10-04,,2024-10-04,2024-10-04,MySQL,0,
43663,2024-10-04,88561.62,75777.48,,0,,3272,146,40,2024-10-04,,2024-10-04,2024-10-04,MySQL,0,
43664,2024-10-04,30272.16,24031.56,,1,10,8155,144,37,2024-10-04,,2024-10-04,2024-10-04,MySQL,0,
43665,2024-10-04,88908.74,61712.42,,0,,163,62,47,2024-10-04,,2024-10-04,2024-10-04,MySQL,0,
43666,2024-10-04,70353.17,52267.52,,1,7,16566,71,17,2024-10-04,,2024-10-04,2024-10-04,MySQL,0,
43667,2024-10-04,79935.41,53190.37,,0,,23908,5,2,2024-10-04,,2024-10-04,2024-10-04,MySQL,0,
43668,2024-10-04,17390.06,13337.84,,1,3,20161,183,28,2024-10-04,,2024-10-04,2024-10-04,MySQL,0,
43669,2024-10-04,7163.92,4563.12,,0,,28220,186,35,2024-10-04,,2024-10-04,2024-10-04,MySQL,0,
43670,2024-10-04,136936.46,94144.74,,1,4,12879,14,9,2024-10-04,,2024-10-04,2024-10-04,MySQL,0,
43671,2024-10-04,29998.02,21729.36,,1,8,24734,114,53,2024-10-04,,2024-10-04,2024-10-04,MySQL,0,
43672,2024-10-04,149833.54,103597.62,,0,,18641,190,36,2024-10-04,,2024-10-04,2024-10-04,MySQL,0,
43673,2024-10-04,152353.28,120147.20,,0,,2181,96,8,2024-10-04,,2024-10-04,2024-10-04,MySQL,0,
43674,2024-10-04,58774.94,42028.77,,1,9,6640,116,1,2024-10-04,,2024-10-04,2024-10-04,MySQL,0,
43675,2024-10-04,7425.20,4846.24,,0,,15516,5,2,2024-10-04,,2024-10-04,2024-10-04,MySQL,0,
43676,2024-10-04,117882.79,86324.72,,0,,29741,74,18,2024-10-04,,2024-10-04,2024-10-04,MySQL,0,
43677,2024-10-04,60305.62,43325.28,,0,,29280,180,16,2024-10-04,,2024-10-04,2024-10-04,MySQL,0,
43678,2024-10-04,227949.48,155540.23,,1,9,12150,7,3,2024-10-04,,2024-10-04,2024-10-04,MySQL,0,
43679,2024-10-04,21344.96,15392.32,,0,,23592,98,20,2024-10-04,,2024-10-04,2024-10-04,MySQL,0,
43680,2024-10-04,18453.48,13422.46,,0,,16029,97,20,2024-10-04,,2024-10-04,2024-10-04,MySQL,0,
43681,2024-10-04,76755.10,60018.32,,0,,4102,97,20,2024-10-04,,2024-10-04,2024-10-04,MySQL,0,
43682,2024-10-04,98430.72,66130.73,,1,4,18658,2,2,2024-10-04,,2024-10-04,2024-10-04,MySQL,0,
43683,2024-10-04,235229.21,175007.28,,0,,12633,81,49,2024-10-04,,2024-10-04,2024-10-04,MySQL,0,
43684,2024-10-04,18361.55,11405.09,,0,,1278,176,11,2024-10-04,,2024-10-04,2024-10-04,MySQL,0,
43685,2024-10-04,14170.62,11757.99,,1,6,17210,189,36,2024-10-04,,2024-10-04,2024-10-04,MySQL,0,
43686,2024-10-04,150945.39,109513.26,,1,2,3310,82,49,2024-10-04,,2024-10-04,2024-10-04,MySQL,0,
43687,2024-10-04,104744.48,82433.44,,0,,11577,114,53,2024-10-04,,2024-10-04,2024-10-04,MySQL,0,
43688,2024-10-04,156424.23,119306.81,,1,9,27790,190,36,2024-10-04,,2024-10-04,2024-10-04,MySQL,0,
43689,2024-10-04,190798.51,137266.27,,1,6,25628,79,30,2024-10-04,,2024-10-04,2024-10-04,MySQL,0,
43690,2024-10-04,96920.90,66672.20,,1,5,23117,19,13,2024-10-04,,2024-10-04,2024-10-04,MySQL,0,
43691,2024-10-04,74190.48,60985.52,,1,4,7824,36,42,2024-10-04,,2024-10-04,2024-10-04,MySQL,0,
43692,2024-10-04,77825.75,57185.90,,1,9,25104,17,13,2024-10-04,,2024-10-04,2024-10-04,MySQL,0,
43693,2024-10-04,13508.41,8649.02,,1,9,7334,119,1,2024-10-04,,2024-10-04,2024-10-04,MySQL,0,
43694,2024-10-04,220925.43,170093.74,,0,,12797,174,50,2024-10-04,,2024-10-04,2024-10-04,MySQL,0,
43695,2024-10-04,90552.53,69538.25,,1,6,18406,38,48,2024-10-04,,2024-10-04,2024-10-04,MySQL,0,
43696,2024-10-04,9342.12,6036.32,,0,,23367,55,31,2024-10-04,,2024-10-04,2024-10-04,MySQL,0,
43697,2024-10-04,93474.94,65407.50,,1,9,8264,156,45,2024-10-04,,2024-10-04,2024-10-04,MySQL,0,
43698,2024-10-04,173705.43,110228.34,,1,9,29952,66,51,2024-10-04,,2024-10-04,2024-10-04,MySQL,0,
43699,2024-10-04,88645.71,73780.21,,1,1,25371,183,28,2024-10-04,,2024-10-04,2024-10-04,MySQL,0,
43700,2024-10-04,57246.96,40018.89,,1,8,6512,138,26,2024-10-04,,2024-10-04,2024-10-04,MySQL,0,
43701,2024-10-04,198207.70,141355.28,,0,,29105,195,43,2024-10-04,,2024-10-04,2024-10-04,MySQL,0,
43702,2024-10-04,19549.10,14748.30,,1,7,29450,157,4,2024-10-04,,2024-10-04,2024-10-04,MySQL,0,
43703,2024-10-04,106249.22,71778.36,,0,,8630,110,33,2024-10-04,,2024-10-04,2024-10-04,MySQL,0,
43704,2024-10-04,119308.36,85801.93,,1,8,20846,52,27,2024-10-04,,2024-10-04,2024-10-04,MySQL,0,
43705,2024-10-04,210473.09,158354.20,,1,4,21037,112,53,2024-10-04,,2024-10-04,2024-10-04,MySQL,0,
43706,2024-10-04,17769.62,13447.80,,0,,10324,13,9,2024-10-04,,2024-10-04,2024-10-04,MySQL,0,
43707,2024-10-04,38126.71,27439.72,,0,,1499,183,28,2024-10-04,,2024-10-04,2024-10-04,MySQL,0,
43708,2024-10-04,66443.29,43984.63,,1,1,13193,188,35,2024-10-04,,2024-10-04,2024-10-04,MySQL,0,
43709,2024-10-04,27190.02,19488.09,,0,,16789,139,34,2024-10-04,,2024-10-04,2024-10-04,MySQL,0,
43710,2024-10-04,7686.75,6262.60,,1,3,22019,34,32,2024-10-04,,2024-10-04,2024-10-04,MySQL,0,
43711,2024-10-04,64968.86,47635.72,,0,,6080,91,6,2024-10-04,,2024-10-04,2024-10-04,MySQL,0,
43712,2024-10-04,133474.13,97375.80,,0,,11807,128,24,2024-10-04,,2024-10-04,2024-10-04,MySQL,0,
43713,2024-10-04,11377.70,8281.18,,1,8,11284,21,15,2024-10-04,,2024-10-04,2024-10-04,MySQL,0,
43714,2024-10-04,37605.42,28326.97,,0,,18499,197,43,2024-10-04,,2024-10-04,2024-10-04,MySQL,0,
43715,2024-10-04,84009.50,64619.22,,1,6,26093,12,7,2024-10-04,,2024-10-04,2024-10-04,MySQL,0,
43716,2024-10-04,97799.36,76317.17,,1,3,29305,38,48,2024-10-04,,2024-10-04,2024-10-04,MySQL,0,
43717,2024-10-04,49275.48,34125.76,,1,4,15223,192,38,2024-10-04,,2024-10-04,2024-10-04,MySQL,0,
43718,2024-10-04,88056.69,58672.59,,1,9,1025,70,17,2024-10-04,,2024-10-04,2024-10-04,MySQL,0,
43719,2024-10-04,73093.90,57352.25,,0,,5888,74,18,2024-10-04,,2024-10-04,2024-10-04,MySQL,0,
43720,2024-10-04,246652.92,190784.20,,0,,7956,124,10,2024-10-04,,2024-10-04,2024-10-04,MySQL,0,
43721,2024-10-04,6685.11,5954.61,,1,9,17761,191,36,2024-10-04,,2024-10-04,2024-10-04,MySQL,0,
43722,2024-10-04,149250.11,104022.42,,0,,19093,13,9,2024-10-04,,2024-10-04,2024-10-04,MySQL,0,
43723,2024-10-04,117060.61,82325.52,,0,,8573,27,29,2024-10-04,,2024-10-04,2024-10-04,MySQL,0,
43724,2024-10-04,110835.50,79552.04,,1,4,29214,178,11,2024-10-04,,2024-10-04,2024-10-04,MySQL,0,
43725,2024-10-04,29783.52,23654.56,,1,6,18662,19,13,2024-10-04,,2024-10-04,2024-10-04,MySQL,0,
43726,2024-10-04,188992.54,140367.59,,1,5,3528,14,9,2024-10-04,,2024-10-04,2024-10-04,MySQL,0,
43727,2024-10-04,148911.25,116909.50,,1,1,7118,121,10,2024-10-04,,2024-10-04,2024-10-04,MySQL,0,
43728,2024-10-04,22088.13,18726.30,,1,1,1430,36,42,2024-10-04,,2024-10-04,2024-10-04,MySQL,0,
43729,2024-10-04,224139.68,174797.81,,1,2,26031,18,13,2024-10-04,,2024-10-04,2024-10-04,MySQL,0,
43730,2024-10-04,44138.12,30121.60,,0,,29886,141,34,2024-10-04,,2024-10-04,2024-10-04,MySQL,0,
43731,2024-10-04,58745.94,44054.08,,0,,14062,24,15,2024-10-04,,2024-10-04,2024-10-04,MySQL,0,
43732,2024-10-04,102492.04,79585.37,,0,,13035,157,4,2024-10-04,,2024-10-04,2024-10-04,MySQL,0,
43733,2024-10-04,11346.08,9457.32,,1,8,13171,78,19,2024-10-04,,2024-10-04,2024-10-04,MySQL,0,
43734,2024-10-04,31532.70,23994.75,,1,4,21715,15,9,2024-10-04,,2024-10-04,2024-10-04,MySQL,0,
43735,2024-10-04,40515.13,27469.71,,1,6,24544,192,38,2024-10-04,,2024-10-04,2024-10-04,MySQL,0,
43736,2024-10-04,110567.23,94058.25,,0,,23882,75,18,2024-10-04,,2024-10-04,2024-10-04,MySQL,0,
43737,2024-10-04,161612.77,124347.48,,1,6,15191,122,10,2024-10-04,,2024-10-04,2024-10-04,MySQL,0,
43738,2024-10-04,123763.33,86473.05,,0,,4959,9,7,2024-10-04,,2024-10-04,2024-10-04,MySQL,0,
43739,2024-10-04,44372.68,35759.69,,1,3,14809,63,47,2024-10-04,,2024-10-04,2024-10-04,MySQL,0,
43740,2024-10-04,4477.20,2999.95,,1,1,4711,101,22,2024-10-04,,2024-10-04,2024-10-04,MySQL,0,
43741,2024-10-04,2888.94,2293.68,,1,8,8391,34,32,2024-10-04,,2024-10-04,2024-10-04,MySQL,0,
43742,2024-10-04,84011.61,62550.41,,1,1,6122,152,45,2024-10-04,,2024-10-04,2024-10-04,MySQL,0,
43743,2024-10-04,19274.85,15346.77,,1,8,4146,37,48,2024-10-04,,2024-10-04,2024-10-04,MySQL,0,
43744,2024-10-04,40342.56,29277.66,,1,9,8530,137,26,2024-10-04,,2024-10-04,2024-10-04,MySQL,0,
43745,2024-10-04,130172.33,95644.26,,1,8,5894,150,41,2024-10-04,,2024-10-04,2024-10-04,MySQL,0,
43746,2024-10-04,56764.82,48679.32,,1,10,20181,95,8,2024-10-04,,2024-10-04,2024-10-04,MySQL,0,
43747,2024-10-04,49881.16,42236.30,,1,8,9896,65,51,2024-10-04,,2024-10-04,2024-10-04,MySQL,0,
43748,2024-10-04,102012.92,72065.95,,1,3,7091,46,55,2024-10-04,,2024-10-04,2024-10-04,MySQL,0,
43749,2024-10-04,77152.93,57670.24,,1,2,8854,158,4,2024-10-04,,2024-10-04,2024-10-04,MySQL,0,
43750,2024-10-04,120427.52,96447.45,,1,3,24836,118,1,2024-10-04,,2024-10-04,2024-10-04,MySQL,0,
43751,2024-10-04,158231.68,108205.18,,0,,14097,117,1,2024-10-04,,2024-10-04,2024-10-04,MySQL,0,
43752,2024-10-04,78955.35,63097.78,,1,7,29954,142,34,2024-10-04,,2024-10-04,2024-10-04,MySQL,0,
43753,2024-10-04,55499.66,36288.16,,1,3,11752,195,43,2024-10-04,,2024-10-04,2024-10-04,MySQL,0,
43754,2024-10-04,18848.87,16502.43,,0,,9034,195,43,2024-10-04,,2024-10-04,2024-10-04,MySQL,0,
43755,2024-10-04,153605.25,110821.93,,1,9,17721,172,50,2024-10-04,,2024-10-04,2024-10-04,MySQL,0,
43756,2024-10-04,4525.23,3020.97,,1,2,26637,27,29,2024-10-04,,2024-10-04,2024-10-04,MySQL,0,
43757,2024-10-04,168485.99,134579.51,,0,,4795,147,40,2024-10-04,,2024-10-04,2024-10-04,MySQL,0,
43758,2024-10-04,6790.90,4199.72,,0,,575,170,46,2024-10-04,,2024-10-04,2024-10-04,MySQL,0,
43759,2024-10-04,11527.34,7669.32,,0,,27353,10,7,2024-10-04,,2024-10-04,2024-10-04,MySQL,0,
43760,2024-10-04,87352.62,65416.23,,1,7,28420,45,52,2024-10-04,,2024-10-04,2024-10-04,MySQL,0,
43761,2024-10-04,14053.03,10681.89,,0,,23505,35,42,2024-10-04,,2024-10-04,2024-10-04,MySQL,0,
43762,2024-10-04,148688.53,101838.47,,0,,4283,170,46,2024-10-04,,2024-10-04,2024-10-04,MySQL,0,
43763,2024-10-04,135209.67,99704.67,,0,,5299,96,8,2024-10-04,,2024-10-04,2024-10-04,MySQL,0,
43764,2024-10-04,101701.94,78149.85,,1,6,5619,174,50,2024-10-04,,2024-10-04,2024-10-04,MySQL,0,
43765,2024-10-04,29889.72,22788.57,,1,9,5639,164,14,2024-10-04,,2024-10-04,2024-10-04,MySQL,0,
43766,2024-10-04,421.28,280.60,,1,2,7675,37,48,2024-10-04,,2024-10-04,2024-10-04,MySQL,0,
43767,2024-10-04,10234.26,7672.38,,0,,770,52,27,2024-10-04,,2024-10-04,2024-10-04,MySQL,0,
43768,2024-10-04,37369.60,30998.12,,1,4,25510,85,54,2024-10-04,,2024-10-04,2024-10-04,MySQL,0,
43769,2024-10-04,134656.17,96942.47,,0,,8113,28,29,2024-10-04,,2024-10-04,2024-10-04,MySQL,0,
43770,2024-10-04,144400.68,111627.65,,1,4,29213,4,2,2024-10-04,,2024-10-04,2024-10-04,MySQL,0,
43771,2024-10-04,175282.74,132297.27,,1,4,18598,148,40,2024-10-04,,2024-10-04,2024-10-04,MySQL,0,
43772,2024-10-04,14850.40,9692.48,,1,2,2701,85,54,2024-10-04,,2024-10-04,2024-10-04,MySQL,0,
43773,2024-10-04,158373.98,128575.02,,1,9,16624,184,28,2024-10-04,,2024-10-04,2024-10-04,MySQL,0,
43774,2024-10-04,98463.96,65870.50,,1,9,26671,171,46,2024-10-04,,2024-10-04,2024-10-04,MySQL,0,
43775,2024-10-04,34752.33,23445.66,,0,,11961,195,43,2024-10-04,,2024-10-04,2024-10-04,MySQL,0,
43776,2024-10-04,32681.62,27434.05,,0,,15740,71,17,2024-10-04,,2024-10-04,2024-10-04,MySQL,0,
43777,2024-10-04,280208.28,192516.81,,1,6,12595,76,18,2024-10-04,,2024-10-04,2024-10-04,MySQL,0,
43778,2024-10-04,149390.99,96862.23,,1,1,11756,128,24,2024-10-04,,2024-10-04,2024-10-04,MySQL,0,
43779,2024-10-04,69911.55,43194.45,,0,,2197,115,53,2024-10-04,,2024-10-04,2024-10-04,MySQL,0,
43780,2024-10-04,15714.78,9545.96,,1,7,3514,43,52,2024-10-04,,2024-10-04,2024-10-04,MySQL,0,
43781,2024-10-04,12858.54,8077.41,,0,,13476,14,9,2024-10-04,,2024-10-04,2024-10-04,MySQL,0,
43782,2024-10-04,86773.06,61767.78,,0,,26363,186,35,2024-10-04,,2024-10-04,2024-10-04,MySQL,0,
43783,2024-10-04,149380.64,114725.01,,1,2,915,28,29,2024-10-04,,2024-10-04,2024-10-04,MySQL,0,
43784,2024-10-04,124429.10,84434.52,,0,,21676,12,7,2024-10-04,,2024-10-04,2024-10-04,MySQL,0,
43785,2024-10-04,16161.25,10493.09,,0,,6523,47,55,2024-10-04,,2024-10-04,2024-10-04,MySQL,0,
43786,2024-10-04,185023.10,150939.24,,0,,6590,82,49,2024-10-04,,2024-10-04,2024-10-04,MySQL,0,
43787,2024-10-04,100031.83,75034.51,,0,,6433,37,48,2024-10-04,,2024-10-04,2024-10-04,MySQL,0,
43788,2024-10-04,110677.23,93123.36,,0,,11455,79,30,2024-10-04,,2024-10-04,2024-10-04,MySQL,0,
43789,2024-10-04,67697.37,53930.01,,1,10,6719,192,38,2024-10-04,,2024-10-04,2024-10-04,MySQL,0,
43790,2024-10-04,147243.56,109041.39,,1,2,23832,195,43,2024-10-04,,2024-10-04,2024-10-04,MySQL,0,
43791,2024-10-04,78465.96,67178.64,,1,6,5676,119,1,2024-10-04,,2024-10-04,2024-10-04,MySQL,0,
43792,2024-10-04,7898.79,5694.84,,1,3,7748,113,53,2024-10-04,,2024-10-04,2024-10-04,MySQL,0,
43793,2024-10-04,12733.65,9950.94,,1,2,142,104,23,2024-10-04,,2024-10-04,2024-10-04,MySQL,0,
43794,2024-10-04,76753.89,63772.56,,0,,2043,118,1,2024-10-04,,2024-10-04,2024-10-04,MySQL,0,
43795,2024-10-04,97862.09,75338.08,,1,6,24025,164,14,2024-10-04,,2024-10-04,2024-10-04,MySQL,0,
43796,2024-10-04,81947.53,55993.55,,0,,24615,81,49,2024-10-04,,2024-10-04,2024-10-04,MySQL,0,
43797,2024-10-04,49766.67,38735.64,,0,,8473,137,26,2024-10-04,,2024-10-04,2024-10-04,MySQL,0,
43798,2024-10-04,29551.33,19764.38,,1,6,17210,21,15,2024-10-04,,2024-10-04,2024-10-04,MySQL,0,
43799,2024-10-04,244670.45,176872.16,,1,8,921,161,5,2024-10-04,,2024-10-04,2024-10-04,MySQL,0,
43800,2024-10-04,56909.46,39943.44,,0,,14166,172,50,2024-10-04,,2024-10-04,2024-10-04,MySQL,0,
43801,2024-10-04,150521.55,119527.12,,1,2,22410,184,28,2024-10-04,,2024-10-04,2024-10-04,MySQL,0,
43802,2024-10-04,3269.28,2710.71,,1,7,26721,183,28,2024-10-04,,2024-10-04,2024-10-04,MySQL,0,
43803,2024-10-04,72918.06,57725.48,,1,8,27298,117,1,2024-10-04,,2024-10-04,2024-10-04,MySQL,0,
43804,2024-10-04,85099.61,58380.71,,1,6,14434,10,7,2024-10-04,,2024-10-04,2024-10-04,MySQL,0,
43805,2024-10-04,212093.51,156129.64,,1,2,22538,94,6,2024-10-04,,2024-10-04,2024-10-04,MySQL,0,
43806,2024-10-04,188122.69,140235.50,,1,1,11063,172,50,2024-10-04,,2024-10-04,2024-10-04,MySQL,0,
43807,2024-10-04,77579.12,54053.83,,0,,104,99,20,2024-10-04,,2024-10-04,2024-10-04,MySQL,0,
43808,2024-10-04,78076.29,57543.48,,0,,28260,108,33,2024-10-04,,2024-10-04,2024-10-04,MySQL,0,
43809,2024-10-04,38415.52,32299.10,,1,6,19226,62,47,2024-10-04,,2024-10-04,2024-10-04,MySQL,0,
43810,2024-10-04,117576.94,96267.60,,0,,23951,12,7,2024-10-04,,2024-10-04,2024-10-04,MySQL,0,
43811,2024-10-04,64094.40,43818.85,,1,2,17262,156,45,2024-10-04,,2024-10-04,2024-10-04,MySQL,0,
43812,2024-10-04,81403.19,59227.61,,0,,6319,99,20,2024-10-04,,2024-10-04,2024-10-04,MySQL,0,
43813,2024-10-04,14399.46,10876.83,,0,,5051,124,10,2024-10-04,,2024-10-04,2024-10-04,MySQL,0,
43814,2024-10-04,107851.29,81871.05,,0,,1929,100,22,2024-10-04,,2024-10-04,2024-10-04,MySQL,0,
43815,2024-10-04,6968.40,4928.34,,0,,14366,157,4,2024-10-04,,2024-10-04,2024-10-04,MySQL,0,
43816,2024-10-04,106052.07,76190.83,,1,3,19640,144,37,2024-10-04,,2024-10-04,2024-10-04,MySQL,0,
43817,2024-10-04,156407.47,116106.62,,1,3,16812,85,54,2024-10-04,,2024-10-04,2024-10-04,MySQL,0,
43818,2024-10-04,68608.89,44822.69,,0,,23949,8,3,2024-10-04,,2024-10-04,2024-10-04,MySQL,0,
43819,2024-10-04,166486.23,129259.39,,1,8,14688,72,17,2024-10-04,,2024-10-04,2024-10-04,MySQL,0,
43820,2024-10-04,189632.45,157968.07,,1,9,10759,169,44,2024-10-04,,2024-10-04,2024-10-04,MySQL,0,
43821,2024-10-04,14298.15,11828.72,,1,3,18727,74,18,2024-10-04,,2024-10-04,2024-10-04,MySQL,0,
43822,2024-10-04,198634.38,149228.59,,0,,10118,3,2,2024-10-04,,2024-10-04,2024-10-04,MySQL,0,
43823,2024-10-04,31183.36,22257.82,,1,5,19369,167,44,2024-10-04,,2024-10-04,2024-10-04,MySQL,0,
43824,2024-10-04,20516.85,16147.10,,1,4,7471,52,27,2024-10-04,,2024-10-04,2024-10-04,MySQL,0,
43825,2024-10-04,94364.70,63265.10,,1,10,8760,180,16,2024-10-04,,2024-10-04,2024-10-04,MySQL,0,
43826,2024-10-04,39448.22,27312.80,,1,5,12327,22,15,2024-10-04,,2024-10-04,2024-10-04,MySQL,0,
43827,2024-10-04,103187.80,81829.44,,0,,4625,77,19,2024-10-04,,2024-10-04,2024-10-04,MySQL,0,
43828,2024-10-04,84176.59,60226.37,,1,8,9957,108,33,2024-10-04,,2024-10-04,2024-10-04,MySQL,0,
43829,2024-10-04,78286.12,59931.60,,0,,19403,110,33,2024-10-04,,2024-10-04,2024-10-04,MySQL,0,
43830,2024-10-04,133537.92,90717.24,,1,6,4575,98,20,2024-10-04,,2024-10-04,2024-10-04,MySQL,0,
43831,2024-10-04,171550.70,129484.92,,0,,8874,33,32,2024-10-04,,2024-10-04,2024-10-04,MySQL,0,
43832,2024-10-04,6853.69,4623.81,,1,7,8150,159,5,2024-10-04,,2024-10-04,2024-10-04,MySQL,0,
43833,2024-10-04,65606.82,48498.44,,1,7,9476,79,30,2024-10-04,,2024-10-04,2024-10-04,MySQL,0,
43834,2024-10-04,62332.06,44371.67,,0,,12525,144,37,2024-10-04,,2024-10-04,2024-10-04,MySQL,0,
43835,2024-10-04,85913.66,59703.15,,0,,1341,35,42,2024-10-04,,2024-10-04,2024-10-04,MySQL,0,
43836,2024-10-04,119629.53,85219.19,,1,7,13912,51,21,2024-10-04,,2024-10-04,2024-10-04,MySQL,0,
43837,2024-10-04,103492.20,74514.81,,1,10,23464,22,15,2024-10-04,,2024-10-04,2024-10-04,MySQL,0,
43838,2024-10-04,26890.38,23685.93,,1,7,335,145,37,2024-10-04,,2024-10-04,2024-10-04,MySQL,0,
43839,2024-10-04,70078.38,54835.56,,0,,4892,8,3,2024-10-04,,2024-10-04,2024-10-04,MySQL,0,
43840,2024-10-04,44056.02,35555.55,,0,,22841,80,30,2024-10-04,,2024-10-04,2024-10-04,MySQL,0,
43841,2024-10-04,122207.10,86886.90,,0,,25889,124,10,2024-10-04,,2024-10-04,2024-10-04,MySQL,0,
43842,2024-10-04,237702.70,170653.92,,0,,11131,194,38,2024-10-04,,2024-10-04,2024-10-04,MySQL,0,
43843,2024-10-04,158290.12,129410.47,,0,,4392,53,27,2024-10-04,,2024-10-04,2024-10-04,MySQL,0,
43844,2024-10-04,181883.18,140365.37,,0,,11310,47,55,2024-10-04,,2024-10-04,2024-10-04,MySQL,0,
43845,2024-10-04,49607.43,37304.49,,0,,24181,62,47,2024-10-04,,2024-10-04,2024-10-04,MySQL,0,
43846,2024-10-04,112561.73,75157.15,,1,5,24336,193,38,2024-10-04,,2024-10-04,2024-10-04,MySQL,0,
43847,2024-10-04,117449.10,92580.39,,0,,16589,36,42,2024-10-04,,2024-10-04,2024-10-04,MySQL,0,
43848,2024-10-04,46998.28,30022.72,,0,,14589,180,16,2024-10-04,,2024-10-04,2024-10-04,MySQL,0,
43849,2024-10-04,113394.09,84335.08,,1,9,23452,95,8,2024-10-04,,2024-10-04,2024-10-04,MySQL,0,
43850,2024-10-04,38871.07,30000.65,,0,,24174,99,20,2024-10-04,,2024-10-04,2024-10-04,MySQL,0,
43851,2024-10-04,107767.65,81866.81,,0,,2010,58,39,2024-10-04,,2024-10-04,2024-10-04,MySQL,0,
43852,2024-10-04,15835.20,11022.14,,1,2,23484,97,20,2024-10-04,,2024-10-04,2024-10-04,MySQL,0,
43853,2024-10-04,50682.93,41509.89,,1,6,16829,71,17,2024-10-04,,2024-10-04,2024-10-04,MySQL,0,
43854,2024-10-04,71698.25,51428.64,,0,,6738,64,47,2024-10-04,,2024-10-04,2024-10-04,MySQL,0,
43855,2024-10-04,158875.26,119359.64,,0,,10296,180,16,2024-10-04,,2024-10-04,2024-10-04,MySQL,0,
43856,2024-10-04,43146.87,34154.36,,1,2,18946,42,52,2024-10-04,,2024-10-04,2024-10-04,MySQL,0,
43857,2024-10-04,53879.41,43984.67,,0,,20110,179,16,2024-10-04,,2024-10-04,2024-10-04,MySQL,0,
43858,2024-10-04,140320.51,99171.95,,0,,20015,60,39,2024-10-04,,2024-10-04,2024-10-04,MySQL,0,
43859,2024-10-04,53263.92,37861.59,,0,,18754,93,6,2024-10-04,,2024-10-04,2024-10-04,MySQL,0,
43860,2024-10-04,62772.79,54146.64,,1,3,10201,181,16,2024-10-04,,2024-10-04,2024-10-04,MySQL,0,
43861,2024-10-04,139210.16,108661.01,,1,3,17759,24,15,2024-10-04,,2024-10-04,2024-10-04,MySQL,0,
43862,2024-10-04,88042.70,69807.38,,0,,11567,87,54,2024-10-04,,2024-10-04,2024-10-04,MySQL,0,
43863,2024-10-04,133847.96,104275.05,,1,3,12240,69,17,2024-10-04,,2024-10-04,2024-10-04,MySQL,0,
43864,2024-10-04,102607.76,74189.26,,0,,11022,9,7,2024-10-04,,2024-10-04,2024-10-04,MySQL,0,
43865,2024-10-04,41897.19,35885.39,,0,,18571,180,16,2024-10-04,,2024-10-04,2024-10-04,MySQL,0,
43866,2024-10-04,88103.60,63341.15,,1,5,29480,44,52,2024-10-04,,2024-10-04,2024-10-04,MySQL,0,
43867,2024-10-04,51373.83,39724.82,,1,10,27366,18,13,2024-10-04,,2024-10-04,2024-10-04,MySQL,0,
43868,2024-10-04,19710.44,17639.16,,1,7,13557,125,12,2024-10-04,,2024-10-04,2024-10-04,MySQL,0,
43869,2024-10-04,13579.82,10048.96,,1,4,21333,183,28,2024-10-04,,2024-10-04,2024-10-04,MySQL,0,
43870,2024-10-04,58834.90,42567.64,,0,,17929,47,55,2024-10-04,,2024-10-04,2024-10-04,MySQL,0,
43871,2024-10-04,108361.51,77228.62,,1,8,13646,177,11,2024-10-04,,2024-10-04,2024-10-04,MySQL,0,
43872,2024-10-04,76158.60,54806.18,,0,,5522,186,35,2024-10-04,,2024-10-04,2024-10-04,MySQL,0,
43873,2024-10-04,24136.71,21685.68,,0,,9916,172,50,2024-10-04,,2024-10-04,2024-10-04,MySQL,0,
43874,2024-10-04,74047.09,59418.97,,1,2,2709,144,37,2024-10-04,,2024-10-04,2024-10-04,MySQL,0,
43875,2024-10-04,174386.51,125629.56,,1,7,19872,21,15,2024-10-04,,2024-10-04,2024-10-04,MySQL,0,
43876,2024-10-04,56625.20,47038.80,,0,,28526,14,9,2024-10-04,,2024-10-04,2024-10-04,MySQL,0,
43877,2024-10-04,257498.24,186790.06,,1,3,8825,174,50,2024-10-04,,2024-10-04,2024-10-04,MySQL,0,
43878,2024-10-04,59546.27,36239.07,,1,4,8452,130,24,2024-10-04,,2024-10-04,2024-10-04,MySQL,0,
43879,2024-10-04,89563.30,62899.00,,0,,23726,163,14,2024-10-04,,2024-10-04,2024-10-04,MySQL,0,
43880,2024-10-04,157935.26,114156.94,,1,9,11414,184,28,2024-10-04,,2024-10-04,2024-10-04,MySQL,0,
43881,2024-10-04,154209.97,106856.34,,1,5,10621,156,45,2024-10-04,,2024-10-04,2024-10-04,MySQL,0,
43882,2024-10-04,38461.77,26051.51,,0,,12088,149,41,2024-10-04,,2024-10-04,2024-10-04,MySQL,0,
43883,2024-10-04,163949.83,122992.06,,0,,18911,79,30,2024-10-04,,2024-10-04,2024-10-04,MySQL,0,
43884,2024-10-04,35742.30,29173.38,,0,,10797,25,29,2024-10-04,,2024-10-04,2024-10-04,MySQL,0,
43885,2024-10-04,61768.06,51116.78,,1,10,681,56,31,2024-10-04,,2024-10-04,2024-10-04,MySQL,0,
43886,2024-10-04,188221.22,148362.21,,1,1,25674,56,31,2024-10-04,,2024-10-04,2024-10-04,MySQL,0,
43887,2024-10-04,14827.93,10600.70,,1,10,15672,95,8,2024-10-04,,2024-10-04,2024-10-04,MySQL,0,
43888,2024-10-04,68635.09,45932.02,,1,10,24059,161,5,2024-10-04,,2024-10-04,2024-10-04,MySQL,0,
43889,2024-10-04,81833.76,63821.61,,0,,8171,19,13,2024-10-04,,2024-10-04,2024-10-04,MySQL,0,
43890,2024-10-04,75044.86,54837.87,,0,,10499,184,28,2024-10-04,,2024-10-04,2024-10-04,MySQL,0,
43891,2024-10-04,172901.87,122223.08,,0,,15657,75,18,2024-10-04,,2024-10-04,2024-10-04,MySQL,0,
43892,2024-10-04,98749.12,63092.00,,0,,28620,159,5,2024-10-04,,2024-10-04,2024-10-04,MySQL,0,
43893,2024-10-04,165599.36,120304.26,,1,10,9252,186,35,2024-10-04,,2024-10-04,2024-10-04,MySQL,0,
43894,2024-10-04,63985.85,45471.58,,0,,26212,31,32,2024-10-04,,2024-10-04,2024-10-04,MySQL,0,
43895,2024-10-04,108599.85,75349.33,,0,,26051,80,30,2024-10-04,,2024-10-04,2024-10-04,MySQL,0,
43896,2024-10-04,58013.52,51475.62,,0,,19007,77,19,2024-10-04,,2024-10-04,2024-10-04,MySQL,0,
43897,2024-10-04,71747.28,48455.10,,0,,29972,49,21,2024-10-04,,2024-10-04,2024-10-04,MySQL,0,
43898,2024-10-04,126328.23,83740.55,,0,,11446,20,13,2024-10-04,,2024-10-04,2024-10-04,MySQL,0,
43899,2024-10-04,59415.38,46657.68,,1,6,2883,195,43,2024-10-04,,2024-10-04,2024-10-04,MySQL,0,
43900,2024-10-04,152672.30,104893.94,,1,7,11418,175,11,2024-10-04,,2024-10-04,2024-10-04,MySQL,0,
43901,2024-10-04,17980.50,15142.80,,0,,27361,134,25,2024-10-04,,2024-10-04,2024-10-04,MySQL,0,
43902,2024-10-04,83029.70,53032.40,,1,6,26647,69,17,2024-10-04,,2024-10-04,2024-10-04,MySQL,0,
43903,2024-10-04,133162.40,99035.34,,0,,24552,90,6,2024-10-04,,2024-10-04,2024-10-04,MySQL,0,
43904,2024-10-04,135624.24,95795.72,,1,6,13050,146,40,2024-10-04,,2024-10-04,2024-10-04,MySQL,0,
43905,2024-10-04,1958.81,1478.72,,0,,12492,77,19,2024-10-04,,2024-10-04,2024-10-04,MySQL,0,
43906,2024-10-04,120731.35,100915.84,,1,3,13596,158,4,2024-10-04,,2024-10-04,2024-10-04,MySQL,0,
43907,2024-10-04,57696.07,46519.21,,1,4,24490,117,1,2024-10-04,,2024-10-04,2024-10-04,MySQL,0,
43908,2024-10-04,72192.40,60969.52,,1,5,3842,98,20,2024-10-04,,2024-10-04,2024-10-04,MySQL,0,
43909,2024-10-04,133169.46,109274.36,,1,5,21815,46,55,2024-10-04,,2024-10-04,2024-10-04,MySQL,0,
43910,2024-10-04,181476.88,119441.96,,0,,3401,161,5,2024-10-04,,2024-10-04,2024-10-04,MySQL,0,
43911,2024-10-04,153095.99,118577.95,,1,9,4955,83,49,2024-10-04,,2024-10-04,2024-10-04,MySQL,0,
43912,2024-10-04,171303.67,147301.58,,1,3,4064,14,9,2024-10-04,,2024-10-04,2024-10-04,MySQL,0,
43913,2024-10-04,72261.51,55215.24,,0,,489,56,31,2024-10-04,,2024-10-04,2024-10-04,MySQL,0,
43914,2024-10-04,49530.55,42463.20,,0,,10674,189,36,2024-10-04,,2024-10-04,2024-10-04,MySQL,0,
43915,2024-10-04,245.46,212.88,,1,4,22501,145,37,2024-10-04,,2024-10-04,2024-10-04,MySQL,0,
43916,2024-10-04,13113.71,9408.10,,0,,7321,197,43,2024-10-04,,2024-10-04,2024-10-04,MySQL,0,
43917,2024-10-04,76020.13,61469.54,,1,9,19676,80,30,2024-10-04,,2024-10-04,2024-10-04,MySQL,0,
43918,2024-10-04,192633.21,153036.58,,0,,13524,52,27,2024-10-04,,2024-10-04,2024-10-04,MySQL,0,
43919,2024-10-04,113048.80,85781.35,,0,,16935,145,37,2024-10-04,,2024-10-04,2024-10-04,MySQL,0,
43920,2024-10-04,238854.52,175601.20,,1,9,16284,147,40,2024-10-04,,2024-10-04,2024-10-04,MySQL,0,
43921,2024-10-04,209497.81,148113.96,,0,,2827,158,4,2024-10-04,,2024-10-04,2024-10-04,MySQL,0,
43922,2024-10-04,103379.54,80250.56,,1,6,25667,155,45,2024-10-04,,2024-10-04,2024-10-04,MySQL,0,
43923,2024-10-04,32279.60,21851.20,,1,3,22118,73,18,2024-10-04,,2024-10-04,2024-10-04,MySQL,0,
43924,2024-10-04,97652.20,75462.12,,0,,2180,100,22,2024-10-04,,2024-10-04,2024-10-04,MySQL,0,
43925,2024-10-04,79126.41,57955.35,,1,9,697,6,3,2024-10-04,,2024-10-04,2024-10-04,MySQL,0,
43926,2024-10-04,99377.81,80166.50,,0,,28685,197,43,2024-10-04,,2024-10-04,2024-10-04,MySQL,0,
43927,2024-10-04,35118.60,27427.68,,1,3,24574,196,43,2024-10-04,,2024-10-04,2024-10-04,MySQL,0,
43928,2024-10-04,187403.04,148358.40,,1,2,13525,53,27,2024-10-04,,2024-10-04,2024-10-04,MySQL,0,
43929,2024-10-04,36084.00,25762.14,,0,,12073,101,22,2024-10-04,,2024-10-04,2024-10-04,MySQL,0,
43930,2024-10-04,102089.00,70921.33,,1,10,12787,178,11,2024-10-04,,2024-10-04,2024-10-04,MySQL,0,
43931,2024-10-04,259775.74,204778.19,,0,,27493,194,38,2024-10-04,,2024-10-04,2024-10-04,MySQL,0,
43932,2024-10-04,42532.46,31809.79,,0,,25742,160,5,2024-10-04,,2024-10-04,2024-10-04,MySQL,0,
43933,2024-10-04,52489.76,31536.40,,1,6,14336,18,13,2024-10-04,,2024-10-04,2024-10-04,MySQL,0,
43934,2024-10-04,39968.15,29727.91,,1,10,587,188,35,2024-10-04,,2024-10-04,2024-10-04,MySQL,0,
43935,2024-10-04,186824.55,138253.51,,1,2,8527,155,45,2024-10-04,,2024-10-04,2024-10-04,MySQL,0,
43936,2024-10-04,97533.63,72259.56,,1,3,2074,69,17,2024-10-04,,2024-10-04,2024-10-04,MySQL,0,
43937,2024-10-04,9483.40,6765.82,,1,7,28459,18,13,2024-10-04,,2024-10-04,2024-10-04,MySQL,0,
43938,2024-10-04,57049.45,39171.40,,1,8,10879,137,26,2024-10-04,,2024-10-04,2024-10-04,MySQL,0,
43939,2024-10-04,105228.48,75790.86,,0,,16789,66,51,2024-10-04,,2024-10-04,2024-10-04,MySQL,0,
43940,2024-10-04,144367.60,113254.30,,0,,7543,88,54,2024-10-04,,2024-10-04,2024-10-04,MySQL,0,
43941,2024-10-04,19213.42,14576.30,,1,9,9917,61,39,2024-10-04,,2024-10-04,2024-10-04,MySQL,0,
43942,2024-10-04,140017.70,104685.34,,1,7,17666,51,21,2024-10-04,,2024-10-04,2024-10-04,MySQL,0,
43943,2024-10-04,57896.09,35305.06,,0,,8157,112,53,2024-10-04,,2024-10-04,2024-10-04,MySQL,0,
43944,2024-10-04,49129.70,41691.91,,0,,14883,63,47,2024-10-04,,2024-10-04,2024-10-04,MySQL,0,
43945,2024-10-04,112792.18,81708.57,,1,2,190,23,15,2024-10-04,,2024-10-04,2024-10-04,MySQL,0,
43946,2024-10-04,91614.55,65040.10,,0,,6460,79,30,2024-10-04,,2024-10-04,2024-10-04,MySQL,0,
43947,2024-10-04,96496.40,65300.97,,0,,946,133,25,2024-10-04,,2024-10-04,2024-10-04,MySQL,0,
43948,2024-10-04,12238.20,7826.58,,0,,20915,198,43,2024-10-04,,2024-10-04,2024-10-04,MySQL,0,
43949,2024-10-04,118158.91,82838.86,,0,,17322,31,32,2024-10-04,,2024-10-04,2024-10-04,MySQL,0,
43950,2024-10-04,72834.60,56636.76,,1,9,12906,186,35,2024-10-04,,2024-10-04,2024-10-04,MySQL,0,
43951,2024-10-04,49498.11,36365.29,,0,,16612,125,12,2024-10-04,,2024-10-04,2024-10-04,MySQL,0,
43952,2024-10-04,53255.58,41547.60,,1,3,16909,179,16,2024-10-04,,2024-10-04,2024-10-04,MySQL,0,
43953,2024-10-04,68615.00,48931.56,,0,,27672,149,41,2024-10-04,,2024-10-04,2024-10-04,MySQL,0,
43954,2024-10-04,139433.27,98719.67,,1,8,959,29,29,2024-10-04,,2024-10-04,2024-10-04,MySQL,0,
43955,2024-10-04,58293.26,43556.90,,1,3,14377,94,6,2024-10-04,,2024-10-04,2024-10-04,MySQL,0,
43956,2024-10-04,177842.65,127460.85,,0,,25654,35,42,2024-10-04,,2024-10-04,2024-10-04,MySQL,0,
43957,2024-10-04,73583.19,48321.40,,0,,27624,39,48,2024-10-04,,2024-10-04,2024-10-04,MySQL,0,
43958,2024-10-04,129396.30,105102.70,,1,3,5432,138,26,2024-10-04,,2024-10-04,2024-10-04,MySQL,0,
43959,2024-10-04,25153.56,21762.12,,0,,10318,42,52,2024-10-04,,2024-10-04,2024-10-04,MySQL,0,
43960,2024-10-04,146539.02,102098.85,,0,,26457,23,15,2024-10-04,,2024-10-04,2024-10-04,MySQL,0,
43961,2024-10-04,146236.78,105512.61,,1,5,23289,7,3,2024-10-04,,2024-10-04,2024-10-04,MySQL,0,
43962,2024-10-04,18036.52,12366.94,,1,9,349,49,21,2024-10-04,,2024-10-04,2024-10-04,MySQL,0,
43963,2024-10-04,33868.87,26064.95,,0,,27432,78,19,2024-10-04,,2024-10-04,2024-10-04,MySQL,0,
43964,2024-10-04,164741.98,119757.48,,0,,16847,54,31,2024-10-04,,2024-10-04,2024-10-04,MySQL,0,
43965,2024-10-04,206309.24,146248.14,,1,1,28553,21,15,2024-10-04,,2024-10-04,2024-10-04,MySQL,0,
43966,2024-10-04,45808.51,34502.60,,1,5,6076,188,35,2024-10-04,,2024-10-04,2024-10-04,MySQL,0,
43967,2024-10-04,92219.28,74105.92,,1,10,22221,90,6,2024-10-04,,2024-10-04,2024-10-04,MySQL,0,
43968,2024-10-04,98031.43,74253.85,,0,,29315,45,52,2024-10-04,,2024-10-04,2024-10-04,MySQL,0,
43969,2024-10-04,11309.76,8321.62,,0,,29203,14,9,2024-10-04,,2024-10-04,2024-10-04,MySQL,0,
43970,2024-10-04,6468.00,4552.65,,0,,3029,96,8,2024-10-04,,2024-10-04,2024-10-04,MySQL,0,
43971,2024-10-04,1083.31,734.23,,1,2,27070,6,3,2024-10-04,,2024-10-04,2024-10-04,MySQL,0,
43972,2024-10-04,97163.56,62052.69,,0,,21169,110,33,2024-10-04,,2024-10-04,2024-10-04,MySQL,0,
43973,2024-10-04,112035.82,90310.17,,1,5,9373,3,2,2024-10-04,,2024-10-04,2024-10-04,MySQL,0,
43974,2024-10-04,134507.19,95044.39,,0,,10309,190,36,2024-10-04,,2024-10-04,2024-10-04,MySQL,0,
43975,2024-10-04,85453.80,58944.57,,1,1,29792,167,44,2024-10-04,,2024-10-04,2024-10-04,MySQL,0,
43976,2024-10-04,3388.61,3033.04,,0,,2527,157,4,2024-10-04,,2024-10-04,2024-10-04,MySQL,0,
43977,2024-10-04,195766.67,146756.99,,1,4,11712,139,34,2024-10-04,,2024-10-04,2024-10-04,MySQL,0,
43978,2024-10-04,18705.16,13563.04,,0,,14405,186,35,2024-10-04,,2024-10-04,2024-10-04,MySQL,0,
43979,2024-10-04,43576.24,31550.24,,0,,4510,62,47,2024-10-04,,2024-10-04,2024-10-04,MySQL,0,
43980,2024-10-04,90148.22,67492.00,,1,2,3131,121,10,2024-10-04,,2024-10-04,2024-10-04,MySQL,0,
43981,2024-10-04,4323.26,3760.42,,0,,14801,150,41,2024-10-04,,2024-10-04,2024-10-04,MySQL,0,
43982,2024-10-04,47833.60,42773.20,,1,8,7005,159,5,2024-10-04,,2024-10-04,2024-10-04,MySQL,0,
43983,2024-10-04,84928.23,56938.59,,1,2,19010,25,29,2024-10-04,,2024-10-04,2024-10-04,MySQL,0,
43984,2024-10-04,77386.35,57009.23,,0,,4516,125,12,2024-10-04,,2024-10-04,2024-10-04,MySQL,0,
43985,2024-10-04,35809.60,22868.72,,1,3,21776,130,24,2024-10-04,,2024-10-04,2024-10-04,MySQL,0,
43986,2024-10-04,127398.24,104612.67,,1,10,27510,77,19,2024-10-04,,2024-10-04,2024-10-04,MySQL,0,
43987,2024-10-04,11669.60,7216.10,,1,1,3367,65,51,2024-10-04,,2024-10-04,2024-10-04,MySQL,0,
43988,2024-10-04,67431.99,52865.01,,0,,19294,56,31,2024-10-04,,2024-10-04,2024-10-04,MySQL,0,
43989,2024-10-04,72108.64,58282.45,,1,3,4664,49,21,2024-10-04,,2024-10-04,2024-10-04,MySQL,0,
43990,2024-10-04,38416.07,29864.02,,0,,19548,16,9,2024-10-04,,2024-10-04,2024-10-04,MySQL,0,
43991,2024-10-04,165383.02,134084.99,,0,,27608,113,53,2024-10-04,,2024-10-04,2024-10-04,MySQL,0,
43992,2024-10-04,29232.06,23960.13,,0,,5323,125,12,2024-10-04,,2024-10-04,2024-10-04,MySQL,0,
43993,2024-10-04,111055.78,93439.80,,0,,10460,128,24,2024-10-04,,2024-10-04,2024-10-04,MySQL,0,
43994,2024-10-04,32491.40,23656.58,,1,6,2968,107,23,2024-10-04,,2024-10-04,2024-10-04,MySQL,0,
43995,2024-10-04,117364.45,79466.15,,0,,16328,116,1,2024-10-04,,2024-10-04,2024-10-04,MySQL,0,
43996,2024-10-04,38299.60,26250.10,,1,4,20296,152,45,2024-10-04,,2024-10-04,2024-10-04,MySQL,0,
43997,2024-10-04,40899.52,34474.32,,0,,9664,94,6,2024-10-04,,2024-10-04,2024-10-04,MySQL,0,
43998,2024-10-04,62894.71,46580.69,,0,,18747,91,6,2024-10-04,,2024-10-04,2024-10-04,MySQL,0,
43999,2024-10-04,31095.26,27072.56,,1,2,25462,190,36,2024-10-04,,2024-10-04,2024-10-04,MySQL,0,
44000,2024-10-04,108126.17,85235.24,,1,2,27327,81,49,2024-10-04,,2024-10-04,2024-10-04,MySQL,0,
44001,2024-10-04,137173.77,98336.02,,1,6,21792,52,27,2024-10-04,,2024-10-04,2024-10-04,MySQL,0,
44002,2024-10-04,39128.99,27461.04,,1,5,21059,112,53,2024-10-04,,2024-10-04,2024-10-04,MySQL,0,
44003,2024-10-04,145521.41,114437.37,,1,1,4663,53,27,2024-10-04,,2024-10-04,2024-10-04,MySQL,0,
44004,2024-10-04,47251.40,35621.80,,0,,7010,39,48,2024-10-04,,2024-10-04,2024-10-04,MySQL,0,
44005,2024-10-04,110805.99,87761.21,,0,,12058,55,31,2024-10-04,,2024-10-04,2024-10-04,MySQL,0,
44006,2024-10-04,9643.35,6279.96,,0,,23079,141,34,2024-10-04,,2024-10-04,2024-10-04,MySQL,0,
44007,2024-10-04,110122.20,79860.43,,1,9,15616,93,6,2024-10-04,,2024-10-04,2024-10-04,MySQL,0,
44008,2024-10-04,41731.98,36139.78,,0,,6008,18,13,2024-10-04,,2024-10-04,2024-10-04,MySQL,0,
44009,2024-10-04,109616.12,74326.48,,1,5,12188,103,23,2024-10-04,,2024-10-04,2024-10-04,MySQL,0,
44010,2024-10-04,111460.80,88447.47,,1,2,2935,148,40,2024-10-04,,2024-10-04,2024-10-04,MySQL,0,
44011,2024-10-04,37390.68,26872.80,,0,,17790,195,43,2024-10-04,,2024-10-04,2024-10-04,MySQL,0,
44012,2024-10-04,109751.01,82813.71,,0,,23925,164,14,2024-10-04,,2024-10-04,2024-10-04,MySQL,0,
44013,2024-10-04,17220.60,14540.82,,1,7,29253,92,6,2024-10-04,,2024-10-04,2024-10-04,MySQL,0,
44014,2024-10-04,87529.48,65810.54,,0,,24925,110,33,2024-10-04,,2024-10-04,2024-10-04,MySQL,0,
44015,2024-10-04,53478.54,36666.75,,1,6,23131,158,4,2024-10-04,,2024-10-04,2024-10-04,MySQL,0,
44016,2024-10-04,14246.48,8592.90,,1,7,22281,83,49,2024-10-04,,2024-10-04,2024-10-04,MySQL,0,
44017,2024-10-04,137268.28,98594.85,,1,5,8646,2,2,2024-10-04,,2024-10-04,2024-10-04,MySQL,0,
44018,2024-10-04,8705.58,6497.46,,1,3,14973,33,32,2024-10-04,,2024-10-04,2024-10-04,MySQL,0,
44019,2024-10-04,38334.20,26753.00,,0,,7412,107,23,2024-10-04,,2024-10-04,2024-10-04,MySQL,0,
44020,2024-10-04,23013.07,17544.63,,0,,9222,187,35,2024-10-04,,2024-10-04,2024-10-04,MySQL,0,
44021,2024-10-04,22509.30,18248.28,,0,,2574,48,21,2024-10-04,,2024-10-04,2024-10-04,MySQL,0,
44022,2024-10-04,25501.23,16935.30,,1,1,21178,113,53,2024-10-04,,2024-10-04,2024-10-04,MySQL,0,
44023,2024-10-04,104393.00,77953.60,,1,2,28188,6,3,2024-10-04,,2024-10-04,2024-10-04,MySQL,0,
44024,2024-10-04,120362.04,82012.14,,1,1,22663,188,35,2024-10-04,,2024-10-04,2024-10-04,MySQL,0,
44025,2024-10-04,200857.68,149282.09,,1,6,26089,172,50,2024-10-04,,2024-10-04,2024-10-04,MySQL,0,
44026,2024-10-04,145867.40,118838.70,,1,7,19906,45,52,2024-10-04,,2024-10-04,2024-10-04,MySQL,0,
44027,2024-10-04,7940.16,6618.87,,1,3,10184,6,3,2024-10-04,,2024-10-04,2024-10-04,MySQL,0,
44028,2024-10-04,60262.66,44573.26,,1,2,26975,132,25,2024-10-04,,2024-10-04,2024-10-04,MySQL,0,
44029,2024-10-04,64870.95,49646.73,,1,9,4906,191,36,2024-10-04,,2024-10-04,2024-10-04,MySQL,0,
44030,2024-10-04,47968.54,35216.97,,0,,18914,147,40,2024-10-04,,2024-10-04,2024-10-04,MySQL,0,
44031,2024-10-04,58560.53,39659.76,,1,5,27270,181,16,2024-10-04,,2024-10-04,2024-10-04,MySQL,0,
44032,2024-10-04,77397.38,58550.23,,0,,9151,125,12,2024-10-04,,2024-10-04,2024-10-04,MySQL,0,
44033,2024-10-04,67723.83,45587.70,,0,,21818,187,35,2024-10-04,,2024-10-04,2024-10-04,MySQL,0,
44034,2024-10-04,31760.64,26475.48,,1,1,6147,177,11,2024-10-04,,2024-10-04,2024-10-04,MySQL,0,
44035,2024-10-04,42091.12,35589.01,,1,6,19031,137,26,2024-10-04,,2024-10-04,2024-10-04,MySQL,0,
44036,2024-10-04,163632.38,120000.13,,0,,17651,39,48,2024-10-04,,2024-10-04,2024-10-04,MySQL,0,
44037,2024-10-04,60475.20,48282.90,,1,1,24663,170,46,2024-10-04,,2024-10-04,2024-10-04,MySQL,0,
44038,2024-10-04,60343.60,38851.77,,0,,28637,188,35,2024-10-04,,2024-10-04,2024-10-04,MySQL,0,
44039,2024-10-04,140337.20,106914.50,,1,6,265,175,11,2024-10-04,,2024-10-04,2024-10-04,MySQL,0,
44040,2024-10-04,15615.55,10951.95,,0,,27765,148,40,2024-10-04,,2024-10-04,2024-10-04,MySQL,0,
44041,2024-10-04,50321.70,37993.00,,1,8,29068,93,6,2024-10-04,,2024-10-04,2024-10-04,MySQL,0,
44042,2024-10-04,63459.99,47121.09,,0,,503,177,11,2024-10-04,,2024-10-04,2024-10-04,MySQL,0,
44043,2024-10-04,25480.00,17225.60,,0,,10259,27,29,2024-10-04,,2024-10-04,2024-10-04,MySQL,0,
44044,2024-10-04,215739.40,172068.88,,1,7,13006,11,7,2024-10-04,,2024-10-04,2024-10-04,MySQL,0,
44045,2024-10-04,243224.52,161636.78,,0,,11519,170,46,2024-10-04,,2024-10-04,2024-10-04,MySQL,0,
44046,2024-10-04,47151.65,34530.78,,0,,28999,193,38,2024-10-04,,2024-10-04,2024-10-04,MySQL,0,
44047,2024-10-04,68759.92,53067.26,,0,,15927,3,2,2024-10-04,,2024-10-04,2024-10-04,MySQL,0,
44048,2024-10-04,109772.38,89417.24,,0,,22193,67,51,2024-10-04,,2024-10-04,2024-10-04,MySQL,0,
44049,2024-10-04,101689.58,76815.46,,1,5,11068,21,15,2024-10-04,,2024-10-04,2024-10-04,MySQL,0,
44050,2024-10-04,115065.90,82637.92,,1,10,26329,9,7,2024-10-04,,2024-10-04,2024-10-04,MySQL,0,
44051,2024-10-04,139757.56,99764.10,,0,,7844,19,13,2024-10-04,,2024-10-04,2024-10-04,MySQL,0,
44052,2024-10-04,29777.85,22650.14,,1,6,25517,56,31,2024-10-04,,2024-10-04,2024-10-04,MySQL,0,
44053,2024-10-04,43836.22,30941.38,,1,7,16642,36,42,2024-10-04,,2024-10-04,2024-10-04,MySQL,0,
44054,2024-10-04,138843.79,102491.36,,1,5,11495,116,1,2024-10-04,,2024-10-04,2024-10-04,MySQL,0,
44055,2024-10-04,71447.21,56495.60,,1,1,3615,121,10,2024-10-04,,2024-10-04,2024-10-04,MySQL,0,
44056,2024-10-04,8743.89,5405.42,,0,,10916,52,27,2024-10-04,,2024-10-04,2024-10-04,MySQL,0,
44057,2024-10-04,70126.59,56877.36,,0,,19768,68,51,2024-10-04,,2024-10-04,2024-10-04,MySQL,0,
44058,2024-10-04,162904.31,127069.40,,1,2,19318,170,46,2024-10-04,,2024-10-04,2024-10-04,MySQL,0,
44059,2024-10-04,51143.60,35653.88,,0,,27353,137,26,2024-10-04,,2024-10-04,2024-10-04,MySQL,0,
44060,2024-10-04,60780.16,39739.63,,0,,9457,104,23,2024-10-04,,2024-10-04,2024-10-04,MySQL,0,
44061,2024-10-04,25184.05,21573.70,,0,,29083,4,2,2024-10-04,,2024-10-04,2024-10-04,MySQL,0,
44062,2024-10-04,151418.94,104513.83,,1,10,25311,101,22,2024-10-04,,2024-10-04,2024-10-04,MySQL,0,
44063,2024-10-04,172153.01,121360.99,,1,1,16569,64,47,2024-10-04,,2024-10-04,2024-10-04,MySQL,0,
44064,2024-10-04,262381.76,206975.91,,1,7,4500,172,50,2024-10-04,,2024-10-04,2024-10-04,MySQL,0,
44065,2024-10-04,103200.32,72421.26,,1,10,9948,99,20,2024-10-04,,2024-10-04,2024-10-04,MySQL,0,
44066,2024-10-04,49061.70,36045.75,,0,,19823,156,45,2024-10-04,,2024-10-04,2024-10-04,MySQL,0,
44067,2024-10-04,110572.37,80387.09,,0,,14623,117,1,2024-10-04,,2024-10-04,2024-10-04,MySQL,0,
44068,2024-10-04,96067.15,73121.51,,1,2,13712,170,46,2024-10-04,,2024-10-04,2024-10-04,MySQL,0,
44069,2024-10-04,77104.71,55334.79,,1,7,9523,41,48,2024-10-04,,2024-10-04,2024-10-04,MySQL,0,
44070,2024-10-04,32144.50,20933.20,,1,4,3953,80,30,2024-10-04,,2024-10-04,2024-10-04,MySQL,0,
44071,2024-10-04,81204.56,52987.09,,0,,2689,85,54,2024-10-04,,2024-10-04,2024-10-04,MySQL,0,
44072,2024-10-04,57459.92,42927.40,,1,1,12229,101,22,2024-10-04,,2024-10-04,2024-10-04,MySQL,0,
44073,2024-10-04,151470.75,118572.10,,0,,26202,123,10,2024-10-04,,2024-10-04,2024-10-04,MySQL,0,
44074,2024-10-04,79923.10,56238.99,,0,,18574,80,30,2024-10-04,,2024-10-04,2024-10-04,MySQL,0,
44075,2024-10-04,77477.29,52250.47,,1,10,2069,73,18,2024-10-04,,2024-10-04,2024-10-04,MySQL,0,
44076,2024-10-04,76632.35,60460.53,,1,5,26042,116,1,2024-10-04,,2024-10-04,2024-10-04,MySQL,0,
44077,2024-10-04,35423.58,29198.11,,1,1,10746,33,32,2024-10-04,,2024-10-04,2024-10-04,MySQL,0,
44078,2024-10-04,89607.29,63610.08,,0,,8225,171,46,2024-10-04,,2024-10-04,2024-10-04,MySQL,0,
44079,2024-10-04,153060.42,108317.34,,1,9,7784,99,20,2024-10-04,,2024-10-04,2024-10-04,MySQL,0,
44080,2024-10-04,120780.28,90305.96,,0,,19336,26,29,2024-10-04,,2024-10-04,2024-10-04,MySQL,0,
44081,2024-10-04,56016.00,37416.24,,0,,8840,12,7,2024-10-04,,2024-10-04,2024-10-04,MySQL,0,
44082,2024-10-04,29156.58,17675.82,,0,,17739,194,38,2024-10-04,,2024-10-04,2024-10-04,MySQL,0,
44083,2024-10-04,24555.27,17430.27,,1,2,1625,24,15,2024-10-04,,2024-10-04,2024-10-04,MySQL,0,
44084,2024-10-04,52358.96,39349.97,,0,,4501,158,4,2024-10-04,,2024-10-04,2024-10-04,MySQL,0,
44085,2024-10-04,118797.20,98069.22,,0,,15508,46,55,2024-10-04,,2024-10-04,2024-10-04,MySQL,0,
44086,2024-10-04,73143.75,56345.94,,0,,27367,190,36,2024-10-04,,2024-10-04,2024-10-04,MySQL,0,
44087,2024-10-04,14530.95,11434.85,,1,1,12630,161,5,2024-10-04,,2024-10-04,2024-10-04,MySQL,0,
44088,2024-10-04,43972.49,32140.10,,1,5,22440,160,5,2024-10-04,,2024-10-04,2024-10-04,MySQL,0,
44089,2024-10-04,6541.47,5801.94,,0,,17388,112,53,2024-10-04,,2024-10-04,2024-10-04,MySQL,0,
44090,2024-10-04,224179.49,162642.18,,1,2,7230,3,2,2024-10-04,,2024-10-04,2024-10-04,MySQL,0,
44091,2024-10-04,152686.35,111162.37,,0,,22114,77,19,2024-10-04,,2024-10-04,2024-10-04,MySQL,0,
44092,2024-10-04,90929.54,66233.66,,0,,8446,114,53,2024-10-04,,2024-10-04,2024-10-04,MySQL,0,
44093,2024-10-04,33375.73,27919.85,,1,3,22881,70,17,2024-10-04,,2024-10-04,2024-10-04,MySQL,0,
44094,2024-10-04,135792.05,97960.86,,1,9,19459,36,42,2024-10-04,,2024-10-04,2024-10-04,MySQL,0,
44095,2024-10-04,57153.37,45297.67,,1,4,11394,137,26,2024-10-04,,2024-10-04,2024-10-04,MySQL,0,
44096,2024-10-04,156669.60,125519.15,,0,,9474,96,8,2024-10-04,,2024-10-04,2024-10-04,MySQL,0,
44097,2024-10-04,173774.48,119759.44,,0,,13813,75,18,2024-10-04,,2024-10-04,2024-10-04,MySQL,0,
44098,2024-10-04,72360.04,51050.92,,0,,8915,71,17,2024-10-04,,2024-10-04,2024-10-04,MySQL,0,
44099,2024-10-04,114215.57,92790.65,,0,,3842,46,55,2024-10-04,,2024-10-04,2024-10-04,MySQL,0,
44100,2024-10-04,15653.85,11608.85,,1,2,18436,20,13,2024-10-04,,2024-10-04,2024-10-04,MySQL,0,
44101,2024-10-04,37547.03,30549.30,,1,1,10508,56,31,2024-10-04,,2024-10-04,2024-10-04,MySQL,0,
44102,2024-10-04,110888.86,71793.79,,1,9,27871,36,42,2024-10-04,,2024-10-04,2024-10-04,MySQL,0,
44103,2024-10-04,32977.08,29236.74,,0,,6324,5,2,2024-10-04,,2024-10-04,2024-10-04,MySQL,0,
44104,2024-10-04,154520.23,100985.04,,1,7,20606,116,1,2024-10-04,,2024-10-04,2024-10-04,MySQL,0,
44105,2024-10-04,49032.40,31361.92,,1,3,17697,61,39,2024-10-04,,2024-10-04,2024-10-04,MySQL,0,
44106,2024-10-04,16654.54,13279.76,,1,1,10600,194,38,2024-10-04,,2024-10-04,2024-10-04,MySQL,0,
44107,2024-10-04,48568.00,37063.85,,0,,14911,29,29,2024-10-04,,2024-10-04,2024-10-04,MySQL,0,
44108,2024-10-04,215355.08,145719.35,,1,7,18790,124,10,2024-10-04,,2024-10-04,2024-10-04,MySQL,0,
44109,2024-10-04,149695.89,114565.86,,0,,28733,192,38,2024-10-04,,2024-10-04,2024-10-04,MySQL,0,
44110,2024-10-04,104271.09,82333.57,,0,,19307,60,39,2024-10-04,,2024-10-04,2024-10-04,MySQL,0,
44111,2024-10-04,92731.90,82426.90,,1,4,13245,124,10,2024-10-04,,2024-10-04,2024-10-04,MySQL,0,
44112,2024-10-04,40488.49,34426.28,,0,,18824,111,33,2024-10-04,,2024-10-04,2024-10-04,MySQL,0,
44113,2024-10-04,119753.25,79642.47,,1,6,15828,6,3,2024-10-04,,2024-10-04,2024-10-04,MySQL,0,
44114,2024-10-04,150322.52,112459.64,,0,,2867,9,7,2024-10-04,,2024-10-04,2024-10-04,MySQL,0,
44115,2024-10-04,129813.42,89592.11,,0,,10056,149,41,2024-10-04,,2024-10-04,2024-10-04,MySQL,0,
44116,2024-10-04,40662.51,31528.38,,1,1,6365,87,54,2024-10-04,,2024-10-04,2024-10-04,MySQL,0,
44117,2024-10-04,187010.45,155695.84,,0,,21360,62,47,2024-10-04,,2024-10-04,2024-10-04,MySQL,0,
44118,2024-10-04,6985.05,5089.05,,1,6,15632,91,6,2024-10-04,,2024-10-04,2024-10-04,MySQL,0,
44119,2024-10-04,86651.82,61520.86,,0,,22547,134,25,2024-10-04,,2024-10-04,2024-10-04,MySQL,0,
44120,2024-10-04,41391.14,30212.11,,0,,17678,40,48,2024-10-04,,2024-10-04,2024-10-04,MySQL,0,
44121,2024-10-04,151037.21,102778.06,,1,4,9268,12,7,2024-10-04,,2024-10-04,2024-10-04,MySQL,0,
44122,2024-10-04,99209.78,66868.60,,1,7,7994,146,40,2024-10-04,,2024-10-04,2024-10-04,MySQL,0,
44123,2024-10-04,78663.15,51095.90,,0,,10494,43,52,2024-10-04,,2024-10-04,2024-10-04,MySQL,0,
44124,2024-10-04,58019.04,47089.64,,0,,15112,181,16,2024-10-04,,2024-10-04,2024-10-04,MySQL,0,
44125,2024-10-04,118985.06,80197.90,,0,,28286,102,22,2024-10-04,,2024-10-04,2024-10-04,MySQL,0,
44126,2024-10-04,114235.73,84608.66,,0,,9610,176,11,2024-10-04,,2024-10-04,2024-10-04,MySQL,0,
44127,2024-10-04,163358.94,126540.51,,0,,2456,3,2,2024-10-04,,2024-10-04,2024-10-04,MySQL,0,
44128,2024-10-04,138636.79,107147.41,,1,5,9242,192,38,2024-10-04,,2024-10-04,2024-10-04,MySQL,0,
44129,2024-10-04,128826.98,93073.37,,0,,4257,36,42,2024-10-04,,2024-10-04,2024-10-04,MySQL,0,
44130,2024-10-04,142403.80,113923.88,,0,,27135,172,50,2024-10-04,,2024-10-04,2024-10-04,MySQL,0,
44131,2024-10-04,8244.90,5730.86,,1,10,27138,191,36,2024-10-04,,2024-10-04,2024-10-04,MySQL,0,
44132,2024-10-04,240920.54,167576.47,,0,,14199,53,27,2024-10-04,,2024-10-04,2024-10-04,MySQL,0,
44133,2024-10-04,88470.05,73758.00,,0,,25352,81,49,2024-10-04,,2024-10-04,2024-10-04,MySQL,0,
44134,2024-10-04,8644.36,6408.52,,0,,13450,101,22,2024-10-04,,2024-10-04,2024-10-04,MySQL,0,
44135,2024-10-04,46203.64,35596.85,,0,,17122,9,7,2024-10-04,,2024-10-04,2024-10-04,MySQL,0,
44136,2024-10-04,94593.42,78124.69,,1,2,16773,192,38,2024-10-04,,2024-10-04,2024-10-04,MySQL,0,
44137,2024-10-04,18014.16,15447.03,,1,5,9055,105,23,2024-10-04,,2024-10-04,2024-10-04,MySQL,0,
44138,2024-10-04,41507.76,26903.52,,0,,17413,171,46,2024-10-04,,2024-10-04,2024-10-04,MySQL,0,
44139,2024-10-04,16286.00,12325.20,,1,3,9819,31,32,2024-10-04,,2024-10-04,2024-10-04,MySQL,0,
44140,2024-10-04,29082.01,20902.93,,1,8,2909,13,9,2024-10-04,,2024-10-04,2024-10-04,MySQL,0,
44141,2024-10-04,760.53,575.94,,1,4,4001,160,5,2024-10-04,,2024-10-04,2024-10-04,MySQL,0,
44142,2024-10-04,144315.35,102212.95,,0,,11654,175,11,2024-10-04,,2024-10-04,2024-10-04,MySQL,0,
44143,2024-10-04,6645.80,4633.94,,1,7,1211,150,41,2024-10-04,,2024-10-04,2024-10-04,MySQL,0,
44144,2024-10-04,74297.75,54374.08,,1,10,3571,151,41,2024-10-04,,2024-10-04,2024-10-04,MySQL,0,
44145,2024-10-04,52552.35,37052.75,,0,,17613,37,48,2024-10-04,,2024-10-04,2024-10-04,MySQL,0,
44146,2024-10-04,91668.37,62754.11,,0,,15545,176,11,2024-10-04,,2024-10-04,2024-10-04,MySQL,0,
44147,2024-10-04,53952.16,36716.64,,1,2,13605,142,34,2024-10-04,,2024-10-04,2024-10-04,MySQL,0,
44148,2024-10-04,191993.74,139402.16,,1,9,28849,1,2,2024-10-04,,2024-10-04,2024-10-04,MySQL,0,
44149,2024-10-04,40320.05,25597.47,,0,,26487,126,12,2024-10-04,,2024-10-04,2024-10-04,MySQL,0,
44150,2024-10-04,73125.83,58970.09,,1,7,7272,184,28,2024-10-04,,2024-10-04,2024-10-04,MySQL,0,
44151,2024-10-04,229355.86,186944.18,,0,,19080,102,22,2024-10-04,,2024-10-04,2024-10-04,MySQL,0,
44152,2024-10-04,109428.62,83354.28,,1,10,16815,55,31,2024-10-04,,2024-10-04,2024-10-04,MySQL,0,
44153,2024-10-04,144630.76,111155.49,,0,,26377,11,7,2024-10-04,,2024-10-04,2024-10-04,MySQL,0,
44154,2024-10-04,12633.41,9419.34,,0,,23550,185,35,2024-10-04,,2024-10-04,2024-10-04,MySQL,0,
44155,2024-10-04,54184.26,39090.88,,1,8,16697,126,12,2024-10-04,,2024-10-04,2024-10-04,MySQL,0,
44156,2024-10-04,155991.38,108793.07,,1,6,15731,147,40,2024-10-04,,2024-10-04,2024-10-04,MySQL,0,
44157,2024-10-04,36068.05,28966.04,,0,,9686,111,33,2024-10-04,,2024-10-04,2024-10-04,MySQL,0,
44158,2024-10-04,181747.71,135754.96,,0,,351,189,36,2024-10-04,,2024-10-04,2024-10-04,MySQL,0,
44159,2024-10-04,174245.38,132821.89,,1,2,4900,43,52,2024-10-04,,2024-10-04,2024-10-04,MySQL,0,
44160,2024-10-04,11614.00,8213.90,,1,4,4125,123,10,2024-10-04,,2024-10-04,2024-10-04,MySQL,0,
44161,2024-10-04,141398.94,108656.13,,1,8,25510,159,5,2024-10-04,,2024-10-04,2024-10-04,MySQL,0,
44162,2024-10-04,143171.66,107983.96,,1,6,24368,189,36,2024-10-04,,2024-10-04,2024-10-04,MySQL,0,
44163,2024-10-04,88261.45,71364.13,,1,8,5706,147,40,2024-10-04,,2024-10-04,2024-10-04,MySQL,0,
44164,2024-10-04,77805.58,56551.20,,1,5,5471,81,49,2024-10-04,,2024-10-04,2024-10-04,MySQL,0,
44165,2024-10-04,116542.94,101475.43,,0,,10969,17,13,2024-10-04,,2024-10-04,2024-10-04,MySQL,0,
44166,2024-10-04,146107.37,104754.21,,0,,10453,88,54,2024-10-04,,2024-10-04,2024-10-04,MySQL,0,
44167,2024-10-04,49570.50,39456.84,,0,,25674,81,49,2024-10-04,,2024-10-04,2024-10-04,MySQL,0,
44168,2024-10-04,78264.67,55207.21,,0,,3831,68,51,2024-10-04,,2024-10-04,2024-10-04,MySQL,0,
44169,2024-10-04,78165.04,61130.60,,0,,20411,177,11,2024-10-04,,2024-10-04,2024-10-04,MySQL,0,
44170,2024-10-04,13415.79,9277.95,,1,5,24886,183,28,2024-10-04,,2024-10-04,2024-10-04,MySQL,0,
44171,2024-10-04,114786.95,78174.20,,0,,18668,162,14,2024-10-04,,2024-10-04,2024-10-04,MySQL,0,
44172,2024-10-04,117457.23,85793.06,,1,4,6519,145,37,2024-10-04,,2024-10-04,2024-10-04,MySQL,0,
44173,2024-10-04,83407.40,56809.92,,1,2,7165,81,49,2024-10-04,,2024-10-04,2024-10-04,MySQL,0,
44174,2024-10-04,62677.32,52117.15,,0,,23851,58,39,2024-10-04,,2024-10-04,2024-10-04,MySQL,0,
44175,2024-10-04,152033.39,124408.34,,0,,17496,4,2,2024-10-04,,2024-10-04,2024-10-04,MySQL,0,
44176,2024-10-04,213372.49,161529.79,,1,10,22867,13,9,2024-10-04,,2024-10-04,2024-10-04,MySQL,0,
44177,2024-10-04,98219.42,73715.59,,0,,6692,9,7,2024-10-04,,2024-10-04,2024-10-04,MySQL,0,
44178,2024-10-04,7254.46,6516.02,,0,,29212,56,31,2024-10-04,,2024-10-04,2024-10-04,MySQL,0,
44179,2024-10-04,116993.51,90477.95,,0,,24623,184,28,2024-10-04,,2024-10-04,2024-10-04,MySQL,0,
44180,2024-10-04,60829.16,43609.64,,1,4,13773,129,24,2024-10-04,,2024-10-04,2024-10-04,MySQL,0,
44181,2024-10-04,88100.20,55654.90,,0,,3678,158,4,2024-10-04,,2024-10-04,2024-10-04,MySQL,0,
44182,2024-10-04,21451.22,16816.54,,1,6,24529,100,22,2024-10-04,,2024-10-04,2024-10-04,MySQL,0,
44183,2024-10-04,52730.47,40406.41,,1,6,17557,183,28,2024-10-04,,2024-10-04,2024-10-04,MySQL,0,
44184,2024-10-04,165870.56,119759.08,,1,3,6629,180,16,2024-10-04,,2024-10-04,2024-10-04,MySQL,0,
44185,2024-10-04,43215.92,33452.87,,1,1,29536,54,31,2024-10-04,,2024-10-04,2024-10-04,MySQL,0,
44186,2024-10-04,76858.35,48038.33,,0,,15986,7,3,2024-10-04,,2024-10-04,2024-10-04,MySQL,0,
44187,2024-10-04,180670.95,125084.70,,1,2,4184,148,40,2024-10-04,,2024-10-04,2024-10-04,MySQL,0,
44188,2024-10-04,78098.97,58834.96,,1,6,29095,186,35,2024-10-04,,2024-10-04,2024-10-04,MySQL,0,
44189,2024-10-04,136929.90,105842.92,,0,,24234,132,25,2024-10-04,,2024-10-04,2024-10-04,MySQL,0,
44190,2024-10-04,64720.06,52988.82,,1,7,12489,64,47,2024-10-04,,2024-10-04,2024-10-04,MySQL,0,
44191,2024-10-04,40550.68,35797.90,,0,,29098,36,42,2024-10-04,,2024-10-04,2024-10-04,MySQL,0,
44192,2024-10-04,158653.13,126114.76,,1,10,15991,27,29,2024-10-04,,2024-10-04,2024-10-04,MySQL,0,
44193,2024-10-04,28939.08,20105.01,,0,,26592,183,28,2024-10-04,,2024-10-04,2024-10-04,MySQL,0,
44194,2024-10-04,20448.48,15529.60,,0,,23894,77,19,2024-10-04,,2024-10-04,2024-10-04,MySQL,0,
44195,2024-10-04,123463.71,87892.86,,0,,373,70,17,2024-10-04,,2024-10-04,2024-10-04,MySQL,0,
44196,2024-10-04,25826.19,19925.18,,1,2,19684,70,17,2024-10-04,,2024-10-04,2024-10-04,MySQL,0,
44197,2024-10-04,183535.95,128057.01,,0,,4139,122,10,2024-10-04,,2024-10-04,2024-10-04,MySQL,0,
44198,2024-10-04,68016.31,50552.37,,0,,3128,26,29,2024-10-04,,2024-10-04,2024-10-04,MySQL,0,
44199,2024-10-04,111311.07,81389.08,,0,,24308,184,28,2024-10-04,,2024-10-04,2024-10-04,MySQL,0,
44200,2024-10-04,96185.27,59748.73,,1,8,18888,84,49,2024-10-04,,2024-10-04,2024-10-04,MySQL,0,
44201,2024-10-04,204032.64,141760.55,,0,,23712,184,28,2024-10-04,,2024-10-04,2024-10-04,MySQL,0,
44202,2024-10-04,103075.11,90655.29,,0,,12928,87,54,2024-10-04,,2024-10-04,2024-10-04,MySQL,0,
44203,2024-10-04,4551.20,3205.67,,1,4,29146,190,36,2024-10-04,,2024-10-04,2024-10-04,MySQL,0,
44204,2024-10-04,29950.76,21388.57,,0,,19758,102,22,2024-10-04,,2024-10-04,2024-10-04,MySQL,0,
44205,2024-10-04,117877.61,80931.50,,1,10,16000,117,1,2024-10-04,,2024-10-04,2024-10-04,MySQL,0,
44206,2024-10-04,104388.15,64366.44,,0,,1556,160,5,2024-10-04,,2024-10-04,2024-10-04,MySQL,0,
44207,2024-10-04,107183.09,77664.30,,1,10,20073,173,50,2024-10-04,,2024-10-04,2024-10-04,MySQL,0,
44208,2024-10-04,137103.70,105772.38,,0,,27425,97,20,2024-10-04,,2024-10-04,2024-10-04,MySQL,0,
44209,2024-10-04,94616.12,79294.94,,1,3,1046,58,39,2024-10-04,,2024-10-04,2024-10-04,MySQL,0,
44210,2024-10-04,172686.60,139009.49,,1,8,9239,145,37,2024-10-04,,2024-10-04,2024-10-04,MySQL,0,
44211,2024-10-04,2539.36,2258.32,,0,,9407,116,1,2024-10-04,,2024-10-04,2024-10-04,MySQL,0,
44212,2024-10-04,53293.89,40884.27,,0,,29612,136,26,2024-10-04,,2024-10-04,2024-10-04,MySQL,0,
44213,2024-10-04,98434.26,71971.08,,0,,20066,131,25,2024-10-04,,2024-10-04,2024-10-04,MySQL,0,
44214,2024-10-04,71451.20,56005.35,,0,,25148,172,50,2024-10-04,,2024-10-04,2024-10-04,MySQL,0,
44215,2024-10-04,112578.57,85147.00,,0,,20402,148,40,2024-10-04,,2024-10-04,2024-10-04,MySQL,0,
44216,2024-10-04,13249.24,10382.50,,0,,10757,77,19,2024-10-04,,2024-10-04,2024-10-04,MySQL,0,
44217,2024-10-04,136972.88,103406.87,,0,,5639,136,26,2024-10-04,,2024-10-04,2024-10-04,MySQL,0,
44218,2024-10-04,53932.72,36937.79,,0,,17944,10,7,2024-10-04,,2024-10-04,2024-10-04,MySQL,0,
44219,2024-10-04,123563.85,103615.20,,1,7,20941,78,19,2024-10-04,,2024-10-04,2024-10-04,MySQL,0,
44220,2024-10-04,142589.83,115125.70,,0,,6635,71,17,2024-10-04,,2024-10-04,2024-10-04,MySQL,0,
44221,2024-10-04,187535.31,139479.31,,0,,19173,152,45,2024-10-04,,2024-10-04,2024-10-04,MySQL,0,
44222,2024-10-04,38659.62,25362.60,,1,4,8774,194,38,2024-10-04,,2024-10-04,2024-10-04,MySQL,0,
44223,2024-10-04,1302.45,817.81,,1,10,15230,100,22,2024-10-04,,2024-10-04,2024-10-04,MySQL,0,
44224,2024-10-04,40669.24,34198.62,,0,,23045,136,26,2024-10-04,,2024-10-04,2024-10-04,MySQL,0,
44225,2024-10-04,66639.40,53824.91,,0,,16052,111,33,2024-10-04,,2024-10-04,2024-10-04,MySQL,0,
44226,2024-10-04,26692.60,18352.41,,1,3,13375,30,32,2024-10-04,,2024-10-04,2024-10-04,MySQL,0,
44227,2024-10-04,63005.61,48471.30,,0,,17003,151,41,2024-10-04,,2024-10-04,2024-10-04,MySQL,0,
44228,2024-10-04,105078.60,73429.96,,0,,10026,85,54,2024-10-04,,2024-10-04,2024-10-04,MySQL,0,
44229,2024-10-04,84740.49,57565.23,,1,6,8309,126,12,2024-10-04,,2024-10-04,2024-10-04,MySQL,0,
44230,2024-10-04,48076.02,37922.94,,0,,25204,194,38,2024-10-04,,2024-10-04,2024-10-04,MySQL,0,
44231,2024-10-04,128003.68,95043.67,,0,,11343,46,55,2024-10-04,,2024-10-04,2024-10-04,MySQL,0,
44232,2024-10-04,50392.92,38107.97,,0,,6123,126,12,2024-10-04,,2024-10-04,2024-10-04,MySQL,0,
44233,2024-10-04,134999.30,90834.86,,0,,22332,6,3,2024-10-04,,2024-10-04,2024-10-04,MySQL,0,
44234,2024-10-04,75882.88,49575.04,,1,1,24044,34,32,2024-10-04,,2024-10-04,2024-10-04,MySQL,0,
44235,2024-10-04,58276.56,41562.10,,1,6,19,21,15,2024-10-04,,2024-10-04,2024-10-04,MySQL,0,
44236,2024-10-04,26629.24,21436.48,,1,1,9595,60,39,2024-10-04,,2024-10-04,2024-10-04,MySQL,0,
44237,2024-10-04,18118.41,13249.79,,0,,15688,150,41,2024-10-04,,2024-10-04,2024-10-04,MySQL,0,
44238,2024-10-04,67793.91,49685.00,,1,2,21632,50,21,2024-10-04,,2024-10-04,2024-10-04,MySQL,0,
44239,2024-10-04,204356.21,163933.17,,0,,23763,19,13,2024-10-04,,2024-10-04,2024-10-04,MySQL,0,
44240,2024-10-04,13002.48,8172.36,,0,,10957,85,54,2024-10-04,,2024-10-04,2024-10-04,MySQL,0,
44241,2024-10-04,12439.35,9835.92,,1,10,11406,164,14,2024-10-04,,2024-10-04,2024-10-04,MySQL,0,
44242,2024-10-04,56657.35,43732.12,,0,,22367,62,47,2024-10-04,,2024-10-04,2024-10-04,MySQL,0,
44243,2024-10-04,1864.24,1437.80,,0,,3055,179,16,2024-10-04,,2024-10-04,2024-10-04,MySQL,0,
44244,2024-10-04,111934.33,81259.16,,1,2,21968,49,21,2024-10-04,,2024-10-04,2024-10-04,MySQL,0,
44245,2024-10-04,45479.77,32624.59,,0,,19483,187,35,2024-10-04,,2024-10-04,2024-10-04,MySQL,0,
44246,2024-10-04,33095.92,26460.80,,1,7,19168,8,3,2024-10-04,,2024-10-04,2024-10-04,MySQL,0,
44247,2024-10-04,87809.98,68467.22,,0,,6163,126,12,2024-10-04,,2024-10-04,2024-10-04,MySQL,0,
44248,2024-10-04,57590.57,41684.55,,1,10,8181,99,20,2024-10-04,,2024-10-04,2024-10-04,MySQL,0,
44249,2024-10-04,17001.45,10993.47,,1,9,18597,53,27,2024-10-04,,2024-10-04,2024-10-04,MySQL,0,
44250,2024-10-04,128153.58,98526.87,,0,,17801,190,36,2024-10-04,,2024-10-04,2024-10-04,MySQL,0,
44251,2024-10-04,41178.60,29965.59,,0,,18789,123,10,2024-10-04,,2024-10-04,2024-10-04,MySQL,0,
44252,2024-10-04,115451.65,91949.40,,1,1,11501,114,53,2024-10-04,,2024-10-04,2024-10-04,MySQL,0,
44253,2024-10-04,52475.15,38898.16,,1,3,22559,77,19,2024-10-04,,2024-10-04,2024-10-04,MySQL,0,
44254,2024-10-04,21921.96,15572.70,,0,,11551,193,38,2024-10-04,,2024-10-04,2024-10-04,MySQL,0,
44255,2024-10-04,162556.06,108765.19,,0,,14730,9,7,2024-10-04,,2024-10-04,2024-10-04,MySQL,0,
44256,2024-10-04,206103.47,159369.31,,1,9,17281,57,39,2024-10-04,,2024-10-04,2024-10-04,MySQL,0,
44257,2024-10-04,1412.20,1096.88,,0,,3126,164,14,2024-10-04,,2024-10-04,2024-10-04,MySQL,0,
44258,2024-10-04,169772.57,112193.01,,0,,14588,196,43,2024-10-04,,2024-10-04,2024-10-04,MySQL,0,
44259,2024-10-04,123675.76,81562.82,,0,,4728,116,1,2024-10-04,,2024-10-04,2024-10-04,MySQL,0,
44260,2024-10-04,60225.41,49602.43,,1,7,13084,170,46,2024-10-04,,2024-10-04,2024-10-04,MySQL,0,
44261,2024-10-04,106824.06,73998.70,,1,2,3380,184,28,2024-10-04,,2024-10-04,2024-10-04,MySQL,0,
44262,2024-10-04,49973.32,40948.28,,1,5,9922,53,27,2024-10-04,,2024-10-04,2024-10-04,MySQL,0,
44263,2024-10-04,121819.81,97745.22,,1,6,10440,128,24,2024-10-04,,2024-10-04,2024-10-04,MySQL,0,
44264,2024-10-04,55472.20,37570.00,,1,10,23762,139,34,2024-10-04,,2024-10-04,2024-10-04,MySQL,0,
44265,2024-10-04,134434.65,89474.75,,0,,16945,8,3,2024-10-04,,2024-10-04,2024-10-04,MySQL,0,
44266,2024-10-04,81107.31,59156.68,,0,,17330,141,34,2024-10-04,,2024-10-04,2024-10-04,MySQL,0,
44267,2024-10-04,78928.12,55116.05,,0,,12862,134,25,2024-10-04,,2024-10-04,2024-10-04,MySQL,0,
44268,2024-10-04,74580.80,47718.00,,0,,21974,176,11,2024-10-04,,2024-10-04,2024-10-04,MySQL,0,
44269,2024-10-04,100347.25,82072.01,,1,1,8412,21,15,2024-10-04,,2024-10-04,2024-10-04,MySQL,0,
44270,2024-10-04,132525.09,100900.15,,1,4,14814,77,19,2024-10-04,,2024-10-04,2024-10-04,MySQL,0,
44271,2024-10-04,168058.92,117860.75,,0,,13179,177,11,2024-10-04,,2024-10-04,2024-10-04,MySQL,0,
44272,2024-10-04,116276.94,87937.83,,0,,22587,136,26,2024-10-04,,2024-10-04,2024-10-04,MySQL,0,
44273,2024-10-04,41080.80,34488.09,,1,3,12806,110,33,2024-10-04,,2024-10-04,2024-10-04,MySQL,0,
44274,2024-10-04,28107.99,19713.51,,0,,16070,148,40,2024-10-04,,2024-10-04,2024-10-04,MySQL,0,
44275,2024-10-04,64074.06,48117.06,,1,1,7457,43,52,2024-10-04,,2024-10-04,2024-10-04,MySQL,0,
44276,2024-10-04,18118.50,13074.81,,0,,8280,1,2,2024-10-04,,2024-10-04,2024-10-04,MySQL,0,
44277,2024-10-04,49896.54,37872.61,,1,8,21276,174,50,2024-10-04,,2024-10-04,2024-10-04,MySQL,0,
44278,2024-10-04,129912.30,85964.05,,0,,3401,9,7,2024-10-04,,2024-10-04,2024-10-04,MySQL,0,
44279,2024-10-04,153670.64,130158.59,,1,1,10075,54,31,2024-10-04,,2024-10-04,2024-10-04,MySQL,0,
44280,2024-10-04,25003.44,20868.75,,1,2,29325,79,30,2024-10-04,,2024-10-04,2024-10-04,MySQL,0,
44281,2024-10-04,107768.56,72324.88,,1,1,10813,174,50,2024-10-04,,2024-10-04,2024-10-04,MySQL,0,
44282,2024-10-04,128371.85,84529.23,,0,,14295,90,6,2024-10-04,,2024-10-04,2024-10-04,MySQL,0,
44283,2024-10-04,270234.95,171428.35,,0,,7868,101,22,2024-10-04,,2024-10-04,2024-10-04,MySQL,0,
44284,2024-10-04,10920.40,7157.20,,0,,15077,184,28,2024-10-04,,2024-10-04,2024-10-04,MySQL,0,
44285,2024-10-04,10785.10,9466.46,,1,5,12567,137,26,2024-10-04,,2024-10-04,2024-10-04,MySQL,0,
44286,2024-10-04,55936.92,39044.76,,1,10,13483,45,52,2024-10-04,,2024-10-04,2024-10-04,MySQL,0,
44287,2024-10-04,119653.44,92098.53,,1,4,10906,43,52,2024-10-04,,2024-10-04,2024-10-04,MySQL,0,
44288,2024-10-04,160640.22,129455.56,,1,5,12652,183,28,2024-10-04,,2024-10-04,2024-10-04,MySQL,0,
44289,2024-10-04,62368.64,49507.84,,1,3,3378,84,49,2024-10-04,,2024-10-04,2024-10-04,MySQL,0,
44290,2024-10-04,44714.93,32943.34,,0,,25598,97,20,2024-10-04,,2024-10-04,2024-10-04,MySQL,0,
44291,2024-10-04,119687.28,81548.86,,0,,29543,192,38,2024-10-04,,2024-10-04,2024-10-04,MySQL,0,
44292,2024-10-04,51285.84,40331.69,,0,,29554,148,40,2024-10-04,,2024-10-04,2024-10-04,MySQL,0,
44293,2024-10-04,46824.39,34037.23,,0,,16642,14,9,2024-10-04,,2024-10-04,2024-10-04,MySQL,0,
44294,2024-10-04,52387.83,37277.80,,0,,3920,170,46,2024-10-04,,2024-10-04,2024-10-04,MySQL,0,
44295,2024-10-04,102140.28,76553.18,,0,,27532,13,9,2024-10-04,,2024-10-04,2024-10-04,MySQL,0,
44296,2024-10-04,18815.52,13834.64,,0,,8491,163,14,2024-10-04,,2024-10-04,2024-10-04,MySQL,0,
44297,2024-10-04,7465.98,6443.22,,1,9,727,182,16,2024-10-04,,2024-10-04,2024-10-04,MySQL,0,
44298,2024-10-04,131283.29,97169.21,,1,5,29419,138,26,2024-10-04,,2024-10-04,2024-10-04,MySQL,0,
44299,2024-10-04,41713.95,33449.35,,1,10,7742,62,47,2024-10-04,,2024-10-04,2024-10-04,MySQL,0,
44300,2024-10-04,76420.97,61448.66,,1,10,19151,157,4,2024-10-04,,2024-10-04,2024-10-04,MySQL,0,
44301,2024-10-04,6608.93,4745.69,,0,,5459,156,45,2024-10-04,,2024-10-04,2024-10-04,MySQL,0,
44302,2024-10-04,92017.01,72659.46,,1,6,10589,146,40,2024-10-04,,2024-10-04,2024-10-04,MySQL,0,
44303,2024-10-04,78030.22,63169.86,,1,4,4154,189,36,2024-10-04,,2024-10-04,2024-10-04,MySQL,0,
44304,2024-10-04,88714.82,70620.47,,0,,14498,129,24,2024-10-04,,2024-10-04,2024-10-04,MySQL,0,
44305,2024-10-04,172976.85,127893.16,,0,,15670,75,18,2024-10-04,,2024-10-04,2024-10-04,MySQL,0,
44306,2024-10-04,7173.04,5151.32,,0,,4,182,16,2024-10-04,,2024-10-04,2024-10-04,MySQL,0,
44307,2024-10-04,213485.58,158114.48,,1,6,16205,114,53,2024-10-04,,2024-10-04,2024-10-04,MySQL,0,
44308,2024-10-04,24614.60,19348.81,,1,8,22087,171,46,2024-10-04,,2024-10-04,2024-10-04,MySQL,0,
44309,2024-10-04,52818.10,46109.53,,1,2,12831,36,42,2024-10-04,,2024-10-04,2024-10-04,MySQL,0,
44310,2024-10-04,137079.72,101477.61,,1,5,9735,44,52,2024-10-04,,2024-10-04,2024-10-04,MySQL,0,
44311,2024-10-04,2568.96,2292.00,,0,,15124,80,30,2024-10-04,,2024-10-04,2024-10-04,MySQL,0,
44312,2024-10-04,22937.70,15162.95,,1,7,7803,49,21,2024-10-04,,2024-10-04,2024-10-04,MySQL,0,
44313,2024-10-04,88038.52,67315.40,,1,8,26646,74,18,2024-10-04,,2024-10-04,2024-10-04,MySQL,0,
44314,2024-10-04,74173.86,48015.00,,0,,2224,107,23,2024-10-04,,2024-10-04,2024-10-04,MySQL,0,
44315,2024-10-04,8632.00,7526.36,,0,,7474,138,26,2024-10-04,,2024-10-04,2024-10-04,MySQL,0,
44316,2024-10-04,15870.21,13693.98,,1,2,6811,169,44,2024-10-04,,2024-10-04,2024-10-04,MySQL,0,
44317,2024-10-04,56948.51,46072.41,,0,,9874,182,16,2024-10-04,,2024-10-04,2024-10-04,MySQL,0,
44318,2024-10-04,56214.64,47229.22,,0,,26861,169,44,2024-10-04,,2024-10-04,2024-10-04,MySQL,0,
44319,2024-10-04,73754.71,52571.69,,0,,24710,145,37,2024-10-04,,2024-10-04,2024-10-04,MySQL,0,
44320,2024-10-04,54115.95,35517.67,,0,,16863,100,22,2024-10-04,,2024-10-04,2024-10-04,MySQL,0,
44321,2024-10-04,108360.59,89517.64,,0,,9500,176,11,2024-10-04,,2024-10-04,2024-10-04,MySQL,0,
44322,2024-10-04,124722.09,92959.68,,1,6,14755,44,52,2024-10-04,,2024-10-04,2024-10-04,MySQL,0,
44323,2024-10-04,92412.37,76646.16,,0,,9906,108,33,2024-10-04,,2024-10-04,2024-10-04,MySQL,0,
44324,2024-10-04,42927.43,33730.90,,1,8,21470,36,42,2024-10-04,,2024-10-04,2024-10-04,MySQL,0,
44325,2024-10-04,51100.23,39154.35,,0,,6050,35,42,2024-10-04,,2024-10-04,2024-10-04,MySQL,0,
44326,2024-10-04,73288.94,62849.67,,0,,17783,18,13,2024-10-04,,2024-10-04,2024-10-04,MySQL,0,
44327,2024-10-04,114402.63,81920.62,,0,,24409,171,46,2024-10-04,,2024-10-04,2024-10-04,MySQL,0,
44328,2024-10-04,236567.42,156362.08,,0,,16591,101,22,2024-10-04,,2024-10-04,2024-10-04,MySQL,0,
44329,2024-10-04,5201.26,3836.00,,1,5,21533,125,12,2024-10-04,,2024-10-04,2024-10-04,MySQL,0,
44330,2024-10-04,114915.94,98771.64,,1,5,26281,127,24,2024-10-04,,2024-10-04,2024-10-04,MySQL,0,
44331,2024-10-04,111359.40,78954.25,,1,10,26319,79,30,2024-10-04,,2024-10-04,2024-10-04,MySQL,0,
44332,2024-10-04,1695.71,1341.90,,0,,26688,100,22,2024-10-04,,2024-10-04,2024-10-04,MySQL,0,
44333,2024-10-04,109525.92,85045.78,,0,,25389,189,36,2024-10-04,,2024-10-04,2024-10-04,MySQL,0,
44334,2024-10-04,19637.37,16299.23,,1,8,22442,126,12,2024-10-04,,2024-10-04,2024-10-04,MySQL,0,
44335,2024-10-04,20217.31,13329.23,,1,7,8039,138,26,2024-10-04,,2024-10-04,2024-10-04,MySQL,0,
44336,2024-10-04,120966.76,88217.40,,1,4,4267,18,13,2024-10-04,,2024-10-04,2024-10-04,MySQL,0,
44337,2024-10-04,28360.89,21409.56,,1,2,9463,23,15,2024-10-04,,2024-10-04,2024-10-04,MySQL,0,
44338,2024-10-04,52505.28,39689.28,,1,1,18541,55,31,2024-10-04,,2024-10-04,2024-10-04,MySQL,0,
44339,2024-10-04,5945.79,5195.88,,0,,4415,49,21,2024-10-04,,2024-10-04,2024-10-04,MySQL,0,
44340,2024-10-04,76316.88,63696.95,,1,7,27511,73,18,2024-10-04,,2024-10-04,2024-10-04,MySQL,0,
44341,2024-10-04,71816.72,51222.59,,1,8,26732,9,7,2024-10-04,,2024-10-04,2024-10-04,MySQL,0,
44342,2024-10-04,1302.45,817.81,,1,9,1056,29,29,2024-10-04,,2024-10-04,2024-10-04,MySQL,0,
44343,2024-10-04,141475.90,103444.64,,0,,27922,20,13,2024-10-04,,2024-10-04,2024-10-04,MySQL,0,
44344,2024-10-04,54344.83,40765.65,,0,,1335,116,1,2024-10-04,,2024-10-04,2024-10-04,MySQL,0,
44345,2024-10-04,5103.20,4003.80,,0,,19467,35,42,2024-10-04,,2024-10-04,2024-10-04,MySQL,0,
44346,2024-10-04,202799.62,143437.91,,1,2,22552,11,7,2024-10-04,,2024-10-04,2024-10-04,MySQL,0,
44347,2024-10-04,99168.90,83219.80,,1,3,9991,116,1,2024-10-04,,2024-10-04,2024-10-04,MySQL,0,
44348,2024-10-04,38150.15,29507.60,,0,,4937,127,24,2024-10-04,,2024-10-04,2024-10-04,MySQL,0,
44349,2024-10-04,13832.61,9502.17,,0,,21362,10,7,2024-10-04,,2024-10-04,2024-10-04,MySQL,0,
44350,2024-10-04,89378.18,60306.98,,1,6,18099,35,42,2024-10-04,,2024-10-04,2024-10-04,MySQL,0,
44351,2024-10-04,122372.13,88754.34,,1,2,28068,114,53,2024-10-04,,2024-10-04,2024-10-04,MySQL,0,
44352,2024-10-04,149683.77,106460.65,,0,,24450,82,49,2024-10-04,,2024-10-04,2024-10-04,MySQL,0,
44353,2024-10-04,145951.37,106316.58,,0,,17757,61,39,2024-10-04,,2024-10-04,2024-10-04,MySQL,0,
44354,2024-10-04,4799.82,3625.61,,1,2,1571,160,5,2024-10-04,,2024-10-04,2024-10-04,MySQL,0,
44355,2024-10-04,124940.34,91539.20,,0,,15612,22,15,2024-10-04,,2024-10-04,2024-10-04,MySQL,0,
44356,2024-10-04,151518.42,102531.83,,1,5,10977,147,40,2024-10-04,,2024-10-04,2024-10-04,MySQL,0,
44357,2024-10-04,47025.34,32728.86,,0,,13289,157,4,2024-10-04,,2024-10-04,2024-10-04,MySQL,0,
44358,2024-10-04,113724.13,89424.01,,1,3,1579,85,54,2024-10-04,,2024-10-04,2024-10-04,MySQL,0,
44359,2024-10-04,4005.11,2970.27,,0,,21875,151,41,2024-10-04,,2024-10-04,2024-10-04,MySQL,0,
44360,2024-10-04,29374.32,22503.28,,0,,9642,42,52,2024-10-04,,2024-10-04,2024-10-04,MySQL,0,
44361,2024-10-04,90382.24,63978.37,,1,8,3674,175,11,2024-10-04,,2024-10-04,2024-10-04,MySQL,0,
44362,2024-10-04,87803.45,74815.40,,1,5,3656,184,28,2024-10-04,,2024-10-04,2024-10-04,MySQL,0,
44363,2024-10-04,78298.16,48697.28,,0,,16495,101,22,2024-10-04,,2024-10-04,2024-10-04,MySQL,0,
44364,2024-10-04,80995.27,62987.54,,0,,25253,163,14,2024-10-04,,2024-10-04,2024-10-04,MySQL,0,
44365,2024-10-04,64646.27,49653.20,,0,,8426,152,45,2024-10-04,,2024-10-04,2024-10-04,MySQL,0,
44366,2024-10-04,8478.40,7519.29,,0,,5388,170,46,2024-10-04,,2024-10-04,2024-10-04,MySQL,0,
44367,2024-10-04,61467.23,46734.46,,1,9,22256,18,13,2024-10-04,,2024-10-04,2024-10-04,MySQL,0,
44368,2024-10-04,273221.10,203499.85,,1,2,18103,150,41,2024-10-04,,2024-10-04,2024-10-04,MySQL,0,
44369,2024-10-04,46291.98,31657.29,,0,,1240,102,22,2024-10-04,,2024-10-04,2024-10-04,MySQL,0,
44370,2024-10-04,74170.07,46424.44,,0,,15329,172,50,2024-10-04,,2024-10-04,2024-10-04,MySQL,0,
44371,2024-10-04,83378.94,62214.46,,1,7,743,86,54,2024-10-04,,2024-10-04,2024-10-04,MySQL,0,
44372,2024-10-04,54747.91,39216.95,,1,5,17551,35,42,2024-10-04,,2024-10-04,2024-10-04,MySQL,0,
44373,2024-10-04,179401.42,129058.65,,1,10,21948,152,45,2024-10-04,,2024-10-04,2024-10-04,MySQL,0,
44374,2024-10-04,40787.28,32052.72,,1,8,1683,183,28,2024-10-04,,2024-10-04,2024-10-04,MySQL,0,
44375,2024-10-04,127820.51,104453.90,,1,10,11676,148,40,2024-10-04,,2024-10-04,2024-10-04,MySQL,0,
44376,2024-10-04,107603.61,76224.20,,0,,13625,180,16,2024-10-04,,2024-10-04,2024-10-04,MySQL,0,
44377,2024-10-04,17362.15,15168.45,,0,,2809,88,54,2024-10-04,,2024-10-04,2024-10-04,MySQL,0,
44378,2024-10-04,41843.67,31436.33,,0,,730,56,31,2024-10-04,,2024-10-04,2024-10-04,MySQL,0,
44379,2024-10-04,203515.47,147777.92,,0,,16314,6,3,2024-10-04,,2024-10-04,2024-10-04,MySQL,0,
44380,2024-10-04,21125.13,16260.89,,0,,6032,50,21,2024-10-04,,2024-10-04,2024-10-04,MySQL,0,
44381,2024-10-04,52470.79,44666.31,,0,,13718,28,29,2024-10-04,,2024-10-04,2024-10-04,MySQL,0,
44382,2024-10-04,8689.92,6437.49,,0,,12035,70,17,2024-10-04,,2024-10-04,2024-10-04,MySQL,0,
44383,2024-10-04,72045.43,62939.43,,0,,12910,41,48,2024-10-04,,2024-10-04,2024-10-04,MySQL,0,
44384,2024-10-04,33957.36,21636.36,,1,5,29420,49,21,2024-10-04,,2024-10-04,2024-10-04,MySQL,0,
44385,2024-10-04,149229.64,112135.40,,0,,12251,162,14,2024-10-04,,2024-10-04,2024-10-04,MySQL,0,
44386,2024-10-04,162325.04,112225.83,,0,,15059,177,11,2024-10-04,,2024-10-04,2024-10-04,MySQL,0,
44387,2024-10-04,197305.64,151263.00,,1,9,27283,87,54,2024-10-04,,2024-10-04,2024-10-04,MySQL,0,
44388,2024-10-04,39084.50,27748.49,,0,,25956,65,51,2024-10-04,,2024-10-04,2024-10-04,MySQL,0,
44389,2024-10-04,60902.21,42392.11,,1,6,25019,126,12,2024-10-04,,2024-10-04,2024-10-04,MySQL,0,
44390,2024-10-04,167533.09,124313.87,,1,1,28689,126,12,2024-10-04,,2024-10-04,2024-10-04,MySQL,0,
44391,2024-10-04,13463.20,10057.24,,1,1,28132,150,41,2024-10-04,,2024-10-04,2024-10-04,MySQL,0,
44392,2024-10-04,111207.41,87991.26,,1,8,14451,46,55,2024-10-04,,2024-10-04,2024-10-04,MySQL,0,
44393,2024-10-04,129548.39,98039.81,,0,,25245,96,8,2024-10-04,,2024-10-04,2024-10-04,MySQL,0,
44394,2024-10-04,118753.37,93561.24,,0,,3135,149,41,2024-10-04,,2024-10-04,2024-10-04,MySQL,0,
44395,2024-10-04,15561.93,12535.08,,0,,27091,106,23,2024-10-04,,2024-10-04,2024-10-04,MySQL,0,
44396,2024-10-04,164027.40,131584.29,,1,6,21504,56,31,2024-10-04,,2024-10-04,2024-10-04,MySQL,0,
44397,2024-10-04,20084.50,13209.00,,1,10,14958,13,9,2024-10-04,,2024-10-04,2024-10-04,MySQL,0,
44398,2024-10-04,62895.09,42453.00,,0,,4204,157,4,2024-10-04,,2024-10-04,2024-10-04,MySQL,0,
44399,2024-10-04,80894.73,71464.91,,0,,1628,21,15,2024-10-04,,2024-10-04,2024-10-04,MySQL,0,
44400,2024-10-04,41436.86,31933.08,,1,2,12822,190,36,2024-10-04,,2024-10-04,2024-10-04,MySQL,0,
44401,2024-10-04,9675.54,7935.55,,1,1,28758,68,51,2024-10-04,,2024-10-04,2024-10-04,MySQL,0,
44402,2024-10-04,3733.35,2412.35,,1,10,4752,132,25,2024-10-04,,2024-10-04,2024-10-04,MySQL,0,
44403,2024-10-04,46161.25,31441.10,,1,4,4487,124,10,2024-10-04,,2024-10-04,2024-10-04,MySQL,0,
44404,2024-10-04,47550.29,37142.73,,1,10,26940,195,43,2024-10-04,,2024-10-04,2024-10-04,MySQL,0,
44405,2024-10-04,234365.10,180737.36,,1,4,14510,110,33,2024-10-04,,2024-10-04,2024-10-04,MySQL,0,
44406,2024-10-04,162878.28,127115.93,,1,10,22668,114,53,2024-10-04,,2024-10-04,2024-10-04,MySQL,0,
44407,2024-10-04,18160.44,12843.48,,1,4,1863,171,46,2024-10-04,,2024-10-04,2024-10-04,MySQL,0,
44408,2024-10-04,168202.39,125676.54,,1,3,23802,160,5,2024-10-04,,2024-10-04,2024-10-04,MySQL,0,
44409,2024-10-04,38351.16,24167.99,,1,5,11810,15,9,2024-10-04,,2024-10-04,2024-10-04,MySQL,0,
44410,2024-10-04,195306.29,143263.48,,0,,5503,74,18,2024-10-04,,2024-10-04,2024-10-04,MySQL,0,
44411,2024-10-04,82757.19,58729.70,,0,,7781,158,4,2024-10-04,,2024-10-04,2024-10-04,MySQL,0,
44412,2024-10-04,57462.20,42532.71,,1,9,2741,153,45,2024-10-04,,2024-10-04,2024-10-04,MySQL,0,
44413,2024-10-04,67383.30,49695.72,,0,,7902,95,8,2024-10-04,,2024-10-04,2024-10-04,MySQL,0,
44414,2024-10-04,101911.77,70162.72,,1,10,21179,100,22,2024-10-04,,2024-10-04,2024-10-04,MySQL,0,
44415,2024-10-04,94001.83,70872.19,,0,,12381,12,7,2024-10-04,,2024-10-04,2024-10-04,MySQL,0,
44416,2024-10-04,6511.50,5196.35,,1,10,23464,122,10,2024-10-04,,2024-10-04,2024-10-04,MySQL,0,
44417,2024-10-04,268257.49,198904.02,,1,3,5300,159,5,2024-10-04,,2024-10-04,2024-10-04,MySQL,0,
44418,2024-10-04,1964.16,1464.96,,0,,4351,23,15,2024-10-04,,2024-10-04,2024-10-04,MySQL,0,
44419,2024-10-04,128004.92,101243.41,,0,,19968,13,9,2024-10-04,,2024-10-04,2024-10-04,MySQL,0,
44420,2024-10-04,157784.46,116359.31,,1,6,12572,47,55,2024-10-04,,2024-10-04,2024-10-04,MySQL,0,
44421,2024-10-04,106664.76,76945.07,,0,,10010,46,55,2024-10-04,,2024-10-04,2024-10-04,MySQL,0,
44422,2024-10-04,165243.32,123411.64,,0,,20768,15,9,2024-10-04,,2024-10-04,2024-10-04,MySQL,0,
44423,2024-10-04,228219.27,178149.74,,1,7,7680,131,25,2024-10-04,,2024-10-04,2024-10-04,MySQL,0,
44424,2024-10-04,38066.40,32848.60,,0,,1533,171,46,2024-10-04,,2024-10-04,2024-10-04,MySQL,0,
44425,2024-10-04,99960.63,77295.71,,0,,26344,148,40,2024-10-04,,2024-10-04,2024-10-04,MySQL,0,
44426,2024-10-04,12866.84,9407.09,,0,,25892,135,25,2024-10-04,,2024-10-04,2024-10-04,MySQL,0,
44427,2024-10-04,90170.86,69907.59,,1,5,26253,53,27,2024-10-04,,2024-10-04,2024-10-04,MySQL,0,
44428,2024-10-04,41141.21,34743.24,,1,2,28392,127,24,2024-10-04,,2024-10-04,2024-10-04,MySQL,0,
44429,2024-10-04,39067.92,26758.92,,1,2,12122,68,51,2024-10-04,,2024-10-04,2024-10-04,MySQL,0,
44430,2024-10-04,61427.65,51491.90,,1,2,14647,184,28,2024-10-04,,2024-10-04,2024-10-04,MySQL,0,
44431,2024-10-04,103825.63,73680.43,,0,,3691,35,42,2024-10-04,,2024-10-04,2024-10-04,MySQL,0,
44432,2024-10-04,60431.48,42131.94,,0,,5326,119,1,2024-10-04,,2024-10-04,2024-10-04,MySQL,0,
44433,2024-10-04,18006.09,13286.49,,0,,2517,90,6,2024-10-04,,2024-10-04,2024-10-04,MySQL,0,
44434,2024-10-04,6437.88,4905.90,,1,4,4458,139,34,2024-10-04,,2024-10-04,2024-10-04,MySQL,0,
44435,2024-10-04,152744.24,111029.55,,1,6,886,174,50,2024-10-04,,2024-10-04,2024-10-04,MySQL,0,
44436,2024-10-04,186357.49,131812.55,,0,,524,27,29,2024-10-04,,2024-10-04,2024-10-04,MySQL,0,
44437,2024-10-04,123774.47,90423.59,,0,,16901,166,44,2024-10-04,,2024-10-04,2024-10-04,MySQL,0,
44438,2024-10-04,47038.48,38709.04,,0,,26490,12,7,2024-10-04,,2024-10-04,2024-10-04,MySQL,0,
44439,2024-10-04,70356.90,50926.48,,0,,26965,93,6,2024-10-04,,2024-10-04,2024-10-04,MySQL,0,
44440,2024-10-04,40119.23,31965.49,,0,,15922,76,18,2024-10-04,,2024-10-04,2024-10-04,MySQL,0,
44441,2024-10-04,21185.95,14367.35,,1,5,11707,60,39,2024-10-04,,2024-10-04,2024-10-04,MySQL,0,
44442,2024-10-04,128774.97,98980.71,,0,,24114,173,50,2024-10-04,,2024-10-04,2024-10-04,MySQL,0,
44443,2024-10-04,186928.11,155441.95,,0,,3691,172,50,2024-10-04,,2024-10-04,2024-10-04,MySQL,0,
44444,2024-10-04,46039.84,35113.28,,0,,2931,21,15,2024-10-04,,2024-10-04,2024-10-04,MySQL,0,
44445,2024-10-04,241973.58,163574.94,,0,,21321,174,50,2024-10-04,,2024-10-04,2024-10-04,MySQL,0,
44446,2024-10-04,175282.36,141916.76,,0,,10250,163,14,2024-10-04,,2024-10-04,2024-10-04,MySQL,0,
44447,2024-10-04,131688.86,94393.44,,1,4,12953,95,8,2024-10-04,,2024-10-04,2024-10-04,MySQL,0,
44448,2024-10-04,6209.47,4541.94,,0,,26532,64,47,2024-10-04,,2024-10-04,2024-10-04,MySQL,0,
44449,2024-10-04,160362.41,125377.63,,0,,13691,78,19,2024-10-04,,2024-10-04,2024-10-04,MySQL,0,
44450,2024-10-04,22903.79,16356.42,,0,,4348,46,55,2024-10-04,,2024-10-04,2024-10-04,MySQL,0,
44451,2024-10-04,98482.81,71842.85,,1,6,24803,99,20,2024-10-04,,2024-10-04,2024-10-04,MySQL,0,
44452,2024-10-04,170031.37,124982.12,,0,,25992,3,2,2024-10-04,,2024-10-04,2024-10-04,MySQL,0,
44453,2024-10-04,70797.74,45453.81,,0,,14330,111,33,2024-10-04,,2024-10-04,2024-10-04,MySQL,0,
44454,2024-10-04,28472.24,24441.63,,1,2,18249,161,5,2024-10-04,,2024-10-04,2024-10-04,MySQL,0,
44455,2024-10-04,139435.09,102311.19,,0,,6541,118,1,2024-10-04,,2024-10-04,2024-10-04,MySQL,0,
44456,2024-10-04,8013.00,7164.39,,1,9,13401,173,50,2024-10-04,,2024-10-04,2024-10-04,MySQL,0,
44457,2024-10-04,62795.35,49178.84,,1,5,4875,13,9,2024-10-04,,2024-10-04,2024-10-04,MySQL,0,
44458,2024-10-04,70663.18,52844.50,,1,8,3758,189,36,2024-10-04,,2024-10-04,2024-10-04,MySQL,0,
44459,2024-10-04,19847.05,16556.45,,0,,24064,16,9,2024-10-04,,2024-10-04,2024-10-04,MySQL,0,
44460,2024-10-04,5724.99,3574.98,,1,6,17097,35,42,2024-10-04,,2024-10-04,2024-10-04,MySQL,0,
44461,2024-10-04,121445.12,92244.32,,0,,6277,125,12,2024-10-04,,2024-10-04,2024-10-04,MySQL,0,
44462,2024-10-04,125941.48,90748.64,,1,8,3822,6,3,2024-10-04,,2024-10-04,2024-10-04,MySQL,0,
44463,2024-10-04,59827.50,51766.10,,0,,6482,196,43,2024-10-04,,2024-10-04,2024-10-04,MySQL,0,
44464,2024-10-04,22995.53,18739.36,,1,3,14717,5,2,2024-10-04,,2024-10-04,2024-10-04,MySQL,0,
44465,2024-10-04,7181.37,5062.70,,0,,28202,33,32,2024-10-04,,2024-10-04,2024-10-04,MySQL,0,
44466,2024-10-04,42098.45,26125.20,,1,9,24268,130,24,2024-10-04,,2024-10-04,2024-10-04,MySQL,0,
44467,2024-10-04,39132.60,28007.20,,1,1,10977,142,34,2024-10-04,,2024-10-04,2024-10-04,MySQL,0,
44468,2024-10-04,48095.62,38759.19,,0,,22908,80,30,2024-10-04,,2024-10-04,2024-10-04,MySQL,0,
44469,2024-10-04,87507.29,54310.45,,0,,19635,85,54,2024-10-04,,2024-10-04,2024-10-04,MySQL,0,
44470,2024-10-04,69720.84,41845.02,,1,1,16951,18,13,2024-10-04,,2024-10-04,2024-10-04,MySQL,0,
44471,2024-10-04,104762.01,81671.64,,0,,18699,149,41,2024-10-04,,2024-10-04,2024-10-04,MySQL,0,
44472,2024-10-04,121059.20,98716.18,,0,,23353,6,3,2024-10-04,,2024-10-04,2024-10-04,MySQL,0,
44473,2024-10-04,167570.65,126803.61,,0,,10864,47,55,2024-10-04,,2024-10-04,2024-10-04,MySQL,0,
44474,2024-10-04,103563.92,80509.00,,0,,5412,161,5,2024-10-04,,2024-10-04,2024-10-04,MySQL,0,
44475,2024-10-04,256071.68,195548.87,,1,3,134,102,22,2024-10-04,,2024-10-04,2024-10-04,MySQL,0,
44476,2024-10-04,54926.12,45855.15,,1,5,10877,186,35,2024-10-04,,2024-10-04,2024-10-04,MySQL,0,
44477,2024-10-04,57014.70,47790.18,,0,,4708,35,42,2024-10-04,,2024-10-04,2024-10-04,MySQL,0,
44478,2024-10-04,8741.57,6951.26,,0,,5471,136,26,2024-10-04,,2024-10-04,2024-10-04,MySQL,0,
44479,2024-10-04,13822.85,10863.85,,1,10,14666,190,36,2024-10-04,,2024-10-04,2024-10-04,MySQL,0,
44480,2024-10-04,94124.61,74794.28,,1,5,14519,122,10,2024-10-04,,2024-10-04,2024-10-04,MySQL,0,
44481,2024-10-04,8093.40,5374.10,,0,,4530,121,10,2024-10-04,,2024-10-04,2024-10-04,MySQL,0,
44482,2024-10-04,107236.10,90422.72,,0,,2940,101,22,2024-10-04,,2024-10-04,2024-10-04,MySQL,0,
44483,2024-10-04,30463.25,22913.55,,0,,28274,78,19,2024-10-04,,2024-10-04,2024-10-04,MySQL,0,
44484,2024-10-04,37012.72,26223.10,,1,10,26560,180,16,2024-10-04,,2024-10-04,2024-10-04,MySQL,0,
44485,2024-10-04,13096.92,8101.62,,1,3,3726,161,5,2024-10-04,,2024-10-04,2024-10-04,MySQL,0,
44486,2024-10-04,86894.29,72348.75,,0,,22470,5,2,2024-10-04,,2024-10-04,2024-10-04,MySQL,0,
44487,2024-10-04,93573.10,81864.40,,1,10,27550,176,11,2024-10-04,,2024-10-04,2024-10-04,MySQL,0,
44488,2024-10-04,22472.16,17674.10,,1,5,10528,4,2,2024-10-04,,2024-10-04,2024-10-04,MySQL,0,
44489,2024-10-04,34771.08,24457.79,,0,,3556,66,51,2024-10-04,,2024-10-04,2024-10-04,MySQL,0,
44490,2024-10-04,81974.13,55844.86,,1,8,1407,63,47,2024-10-04,,2024-10-04,2024-10-04,MySQL,0,
44491,2024-10-04,89165.12,60175.03,,1,7,11956,128,24,2024-10-04,,2024-10-04,2024-10-04,MySQL,0,
44492,2024-10-04,65072.40,51489.98,,0,,26129,129,24,2024-10-04,,2024-10-04,2024-10-04,MySQL,0,
44493,2024-10-04,125751.99,99837.07,,1,5,8197,10,7,2024-10-04,,2024-10-04,2024-10-04,MySQL,0,
44494,2024-10-04,5071.74,3486.82,,1,7,28588,107,23,2024-10-04,,2024-10-04,2024-10-04,MySQL,0,
44495,2024-10-04,53444.43,44340.33,,0,,23526,136,26,2024-10-04,,2024-10-04,2024-10-04,MySQL,0,
44496,2024-10-04,40704.30,34303.58,,0,,24431,44,52,2024-10-04,,2024-10-04,2024-10-04,MySQL,0,
44497,2024-10-04,20372.79,13967.35,,0,,9197,194,38,2024-10-04,,2024-10-04,2024-10-04,MySQL,0,
44498,2024-10-04,214254.14,167649.22,,0,,7198,58,39,2024-10-04,,2024-10-04,2024-10-04,MySQL,0,
44499,2024-10-04,32044.31,24485.68,,0,,16901,60,39,2024-10-04,,2024-10-04,2024-10-04,MySQL,0,
44500,2024-10-04,101003.78,80520.00,,1,8,23967,166,44,2024-10-04,,2024-10-04,2024-10-04,MySQL,0,
44501,2024-10-04,195373.94,144290.11,,1,8,25025,146,40,2024-10-04,,2024-10-04,2024-10-04,MySQL,0,
44502,2024-10-04,69725.67,48140.17,,1,6,11037,23,15,2024-10-04,,2024-10-04,2024-10-04,MySQL,0,
44503,2024-10-04,84195.40,54936.80,,0,,5816,144,37,2024-10-04,,2024-10-04,2024-10-04,MySQL,0,
44504,2024-10-04,59394.50,48840.70,,0,,13063,3,2,2024-10-04,,2024-10-04,2024-10-04,MySQL,0,
44505,2024-10-04,232151.02,171473.33,,1,8,7063,149,41,2024-10-04,,2024-10-04,2024-10-04,MySQL,0,
44506,2024-10-04,10362.60,8574.84,,0,,15858,41,48,2024-10-04,,2024-10-04,2024-10-04,MySQL,0,
44507,2024-10-04,10129.17,6865.28,,0,,24256,47,55,2024-10-04,,2024-10-04,2024-10-04,MySQL,0,
44508,2024-10-04,84185.00,68988.29,,1,4,13867,117,1,2024-10-04,,2024-10-04,2024-10-04,MySQL,0,
